condition,category,p_touch,p_erosion_given_touch
NEUTRAL_EDIT,COR,0.026866644929898924,0.08495145631067962
NEUTRAL_EDIT,AGENT,0.027959866220735787,0.14114832535885166
NEUTRAL_EDIT,SELF,0.02810335641981886,0.16113744075829384
OTHER_REFLECT,COR,0.011539708265802268,0.4550561797752809
OTHER_REFLECT,AGENT,0.012240307000132327,0.5567567567567567
OTHER_REFLECT,SELF,0.046171541242195205,0.5711743772241993
PARAPHRASE,COR,0.030035538232259545,0.009541984732824428
PARAPHRASE,AGENT,0.028048640587358037,0.018404907975460124
PARAPHRASE,SELF,0.03131475938291504,0.03308823529411765
SELF_REFLECT,COR,0.01211642302120374,0.391304347826087
SELF_REFLECT,AGENT,0.014983314036641014,0.5454545454545454
SELF_REFLECT,SELF,0.051305711912891024,0.685251798561151
