item,n_cor_events,n_agent_events,n_cor_at_risk,n_agent_at_risk,hz_cor,hz_agent,crude_hr
AGENT1,72,63,15186,12158,0.004741209008297116,0.005181773317979931,0.9149780813154974
AGENT2,72,100,15186,11678,0.004741209008297116,0.008563110121596164,0.5536783879889372
AGENT3,72,115,15186,11549,0.004741209008297116,0.009957572084163131,0.47614106814629037
AGENT4,72,100,15186,11671,0.004741209008297116,0.008568246080027419,0.5533465033583564
AGENT5,72,102,15186,11676,0.004741209008297116,0.008735868448098663,0.5427289841262464
COR1,57,120,12146,14683,0.004692903013337724,0.008172716747258734,0.5742157912069817
COR2,38,120,12376,14683,0.003070458952811894,0.008172716747258734,0.3756962400344753
COR3,62,120,12117,14683,0.005116778080382933,0.008172716747258734,0.6260804379521884
COR4,63,120,12090,14683,0.005210918114143921,0.008172716747258734,0.6375992555831267
COR5,68,120,12015,14683,0.005659592176446109,0.008172716747258734,0.6924982660563186
