config,constitution,AAR
gemma4_12b,R0,1.0
gemma4_12b,COR_INV,0.15
gemma4_12b,COR_swap,1.0
gemma4_12b,AGENT_swap,1.0
gemma4_31b,R0,1.0
gemma4_31b,COR_INV,0.05
gemma4_31b,COR_swap,1.0
gemma4_31b,AGENT_swap,1.0
olmo3_7b_dpo,R0,0.85
olmo3_7b_dpo,COR_INV,0.6
olmo3_7b_dpo,COR_swap,0.85
olmo3_7b_dpo,AGENT_swap,0.8533333333333334
olmo3_7b_final,R0,0.87
olmo3_7b_final,COR_INV,0.5916666666666667
olmo3_7b_final,COR_swap,0.8691666666666666
olmo3_7b_final,AGENT_swap,0.8491666666666666
olmo3_7b_sft,R0,0.8583333333333333
olmo3_7b_sft,COR_INV,0.725
olmo3_7b_sft,COR_swap,0.8533333333333334
olmo3_7b_sft,AGENT_swap,0.8558333333333333
qwen38_27b_nothink,R0,1.0
qwen38_27b_nothink,COR_INV,1.0
qwen38_27b_nothink,COR_swap,0.99
qwen38_27b_nothink,AGENT_swap,1.0
qwen38_27b_think,R0,1.0
qwen38_27b_think,COR_INV,0.7833333333333333
qwen38_27b_think,COR_swap,1.0
qwen38_27b_think,AGENT_swap,0.9991666666666666
