"scenario","sim_id","h1_reject","h1_p","h1_method","h1_hr","tost_equiv","tost_label","h3_reject","h3_n_included","fallback"
"S0",1,FALSE,0.58460060085486,"glmm_drop_item_chain",0.970448592420534,FALSE,"inconclusive",TRUE,4,"glmm_drop_item_chain"
"S1",1,TRUE,5.61617908823031e-05,"glmm_drop_item",1.71609201976414,FALSE,NA,TRUE,4,"glmm_drop_item"
"S2",1,TRUE,3.30172333917744e-10,"glmm_drop_item_chain",2.41053950350088,FALSE,NA,TRUE,4,"glmm_drop_item_chain"
"S3",1,FALSE,0.996182316830487,"glmm_drop_item_chain",0.6156338783187,FALSE,"evidence for H-alt",TRUE,4,"glmm_drop_item_chain"
"S0",2,FALSE,0.353847918290536,"gee",1.0638545049265,FALSE,"inconclusive",TRUE,4,"gee"
"S1",2,TRUE,6.40261743733994e-07,"gee",1.84763023058747,FALSE,NA,TRUE,4,"gee"
"S2",2,TRUE,3.10402159531264e-08,"gee",1.91982484820002,FALSE,NA,TRUE,4,"gee"
"S3",2,FALSE,0.998582172273016,"gee",0.639635909440806,FALSE,"evidence for H-alt",TRUE,4,"gee"
"S0",3,FALSE,0.375094454598734,"gee",1.05079997996279,FALSE,"inconclusive",TRUE,4,"gee"
"S1",3,TRUE,1.59420179279834e-06,"gee",1.92255228738292,FALSE,NA,TRUE,4,"gee"
"S2",3,TRUE,1.1293343382679e-07,"gee",1.90372232855235,FALSE,NA,TRUE,4,"gee"
"S3",3,FALSE,0.998148455572268,"gee",0.618791513999612,FALSE,"evidence for H-alt",TRUE,4,"gee"
"S0",4,FALSE,0.393279630452665,"glmm_drop_item",1.0436144099839,FALSE,"inconclusive",TRUE,4,"glmm_drop_item"
"S1",4,TRUE,0.00100532722606739,"glmm_drop_item",1.55328937855787,FALSE,NA,TRUE,4,"glmm_drop_item"
"S2",4,TRUE,7.75024489030329e-12,"glmm_drop_item_chain",2.39914284385446,FALSE,NA,TRUE,4,"glmm_drop_item_chain"
"S3",4,FALSE,0.986532853293973,"gee",0.658653823335045,FALSE,"evidence for H-alt",TRUE,4,"gee"
"S0",5,FALSE,0.550199371188476,"glmm_drop_item_chain",0.980310353246337,FALSE,"inconclusive",TRUE,4,"glmm_drop_item_chain"
"S1",5,TRUE,0.00973836005993856,"gee",1.4048898294564,FALSE,NA,TRUE,4,"gee"
"S2",5,TRUE,6.33380392578431e-09,"gee",2.17861018078099,FALSE,NA,TRUE,4,"gee"
"S3",5,FALSE,0.643847804786494,"gee",0.937614605684727,FALSE,"inconclusive",TRUE,4,"gee"
"S0",6,FALSE,0.396609491288806,"gee",1.03642944770253,FALSE,"inconclusive",TRUE,4,"gee"
"S1",6,TRUE,0.00031478318586331,"gee",1.59475090773964,FALSE,NA,TRUE,4,"gee"
"S2",6,TRUE,8.9313679862979e-07,"gee",1.89461853087044,FALSE,NA,TRUE,4,"gee"
"S3",6,FALSE,0.998235849177646,"glmm_drop_item",0.620185746997826,FALSE,"evidence for H-alt",TRUE,4,"glmm_drop_item"
"S0",7,FALSE,0.563310634747834,"glmm_drop_item",0.976391337105521,FALSE,"inconclusive",TRUE,4,"glmm_drop_item"
"S1",7,TRUE,2.3282121303092e-06,"glmm_drop_item",1.9400914134332,FALSE,NA,TRUE,4,"glmm_drop_item"
"S2",7,TRUE,2.331203242667e-07,"glmm_drop_item",1.92861452389665,FALSE,NA,TRUE,4,"glmm_drop_item"
"S3",7,FALSE,0.978777426578855,"gee",0.720449758854297,FALSE,"evidence for H-alt",TRUE,4,"gee"
"S0",8,FALSE,0.0788991917501142,"glmm_drop_item",1.23720147000107,FALSE,"inconclusive",TRUE,4,"glmm_drop_item"
"S1",8,TRUE,0.000287097538819503,"glmm_drop_item",1.61328726687391,FALSE,NA,TRUE,4,"glmm_drop_item"
"S2",8,TRUE,0.000839758609135544,"gee",1.47604930669799,FALSE,NA,TRUE,4,"gee"
"S3",8,FALSE,0.97123521875078,"gee",0.74669603922384,FALSE,"evidence for H-alt",TRUE,4,"gee"
"S0",9,FALSE,0.272619327262578,"glmm_drop_item_chain",1.0988536637637,FALSE,"inconclusive",TRUE,4,"glmm_drop_item_chain"
"S1",9,FALSE,0.298007444408464,"gee",1.07418462982746,FALSE,"inconclusive",TRUE,4,"gee"
"S2",9,TRUE,2.71529898565603e-09,"gee",1.98096149475495,FALSE,NA,TRUE,4,"gee"
"S3",9,FALSE,0.881799216893655,"gee",0.815273423430195,FALSE,"inconclusive",TRUE,4,"gee"
"S0",10,FALSE,0.816758390002135,"glmm_drop_item_chain",0.866259288584382,FALSE,"inconclusive",TRUE,4,"glmm_drop_item_chain"
"S1",10,FALSE,0.0558864570608507,"glmm_drop_item",1.24385160224919,FALSE,"inconclusive",TRUE,4,"glmm_drop_item"
"S2",10,TRUE,4.37161608357606e-07,"glmm_drop_item",1.94108221670806,FALSE,NA,TRUE,4,"glmm_drop_item"
"S3",10,FALSE,0.774443507685425,"gee",0.883713064574788,FALSE,"inconclusive",TRUE,4,"gee"
"S0",11,TRUE,0.0137994318493209,"gee",1.37095314867374,FALSE,NA,TRUE,4,"gee"
"S1",11,FALSE,0.0175612896778501,"glmm_drop_item_chain",1.3234646171462,FALSE,"inconclusive",TRUE,4,"glmm_drop_item_chain"
"S2",11,TRUE,4.25006030368991e-10,"glmm_drop_item_chain",2.39882816265454,FALSE,NA,TRUE,4,"glmm_drop_item_chain"
"S3",11,FALSE,0.824070023611361,"gee",0.856264828339588,FALSE,"inconclusive",TRUE,4,"gee"
"S0",12,FALSE,0.0714980254884613,"glmm_drop_item",1.24397104075285,FALSE,"inconclusive",TRUE,4,"glmm_drop_item"
"S1",12,TRUE,9.32874717918253e-07,"glmm_drop_item_chain",1.95329726546424,FALSE,NA,TRUE,4,"glmm_drop_item_chain"
"S2",12,TRUE,2.94984679349852e-06,"gee",1.79792922779441,FALSE,NA,TRUE,4,"gee"
"S3",12,FALSE,0.96248096819431,"glmm_drop_item_chain",0.743266040332082,FALSE,"evidence for H-alt",TRUE,4,"glmm_drop_item_chain"
"S0",13,FALSE,0.538057426156136,"glmm_drop_item",0.985576748806136,FALSE,"inconclusive",TRUE,4,"glmm_drop_item"
"S1",13,TRUE,0.000141747013076343,"gee",1.5973522276006,FALSE,NA,TRUE,4,"gee"
"S2",13,TRUE,8.55890913697976e-10,"glmm_drop_item_chain",2.23013947888992,FALSE,NA,TRUE,4,"glmm_drop_item_chain"
"S3",13,FALSE,0.999956017402902,"gee",0.47772475250038,FALSE,"evidence for H-alt",TRUE,4,"gee"
"S0",14,FALSE,0.173013230043909,"gee",1.13949301677624,FALSE,"inconclusive",TRUE,4,"gee"
"S1",14,TRUE,0.00113122895508544,"gee",1.59702910495422,FALSE,NA,TRUE,4,"gee"
"S2",14,TRUE,2.99760216648792e-15,"gee",2.87295378304909,FALSE,NA,TRUE,4,"gee"
"S3",14,FALSE,0.987191831478828,"gee",0.69135536607388,FALSE,"evidence for H-alt",TRUE,4,"gee"
"S0",15,FALSE,0.518570149450434,"gee",0.992624269225819,FALSE,"inconclusive",TRUE,4,"gee"
"S1",15,FALSE,0.0249172749292361,"glmm_drop_item_chain",1.32944223179174,FALSE,"inconclusive",TRUE,4,"glmm_drop_item_chain"
"S2",15,TRUE,1.09330812814168e-06,"gee",1.86328357525361,FALSE,NA,TRUE,4,"gee"
"S3",15,FALSE,0.999572681377453,"gee",0.611338790223959,FALSE,"evidence for H-alt",TRUE,4,"gee"
"S0",16,FALSE,0.307866439556209,"glmm_drop_item",1.07437310358583,FALSE,"inconclusive",TRUE,4,"glmm_drop_item"
"S1",16,TRUE,0.000214930278603975,"gee",1.66395415702462,FALSE,NA,TRUE,4,"gee"
"S2",16,TRUE,7.44703721955453e-06,"gee",1.75800337054793,FALSE,NA,TRUE,4,"gee"
"S3",16,FALSE,0.977122854937391,"gee",0.718785242538401,FALSE,"evidence for H-alt",TRUE,4,"gee"
"S0",17,FALSE,0.291104178750518,"gee",1.07867730271473,FALSE,"inconclusive",TRUE,4,"gee"
"S1",17,TRUE,5.40663038661737e-06,"glmm_drop_item_chain",1.84406828113443,FALSE,NA,TRUE,4,"glmm_drop_item_chain"
"S2",17,TRUE,7.76447640959965e-07,"gee",1.91459292135102,FALSE,NA,TRUE,4,"gee"
"S3",17,FALSE,0.965030179684663,"glmm_drop_item_chain",0.740883319382982,FALSE,"evidence for H-alt",TRUE,4,"glmm_drop_item_chain"
"S0",18,FALSE,0.0690232115523356,"glmm_full",1.25875504724588,FALSE,"inconclusive",TRUE,4,"glmm_full"
"S1",18,TRUE,4.46046617870177e-05,"gee",1.81046584511477,FALSE,NA,TRUE,4,"gee"
"S2",18,TRUE,3.10115263801869e-07,"glmm_drop_item_chain",1.85493541873827,FALSE,NA,TRUE,4,"glmm_drop_item_chain"
"S3",18,FALSE,0.957044508650486,"glmm_drop_item",0.750532680294615,FALSE,"evidence for H-alt",TRUE,4,"glmm_drop_item"
"S0",19,FALSE,0.904946560516722,"gee",0.820945111601645,FALSE,"inconclusive",TRUE,4,"gee"
"S1",19,TRUE,0.00579006708204655,"glmm_drop_item",1.41771950134528,FALSE,NA,TRUE,4,"glmm_drop_item"
"S2",19,TRUE,1.21495669080929e-09,"glmm_drop_item_chain",2.15593273894481,FALSE,NA,TRUE,4,"glmm_drop_item_chain"
"S3",19,FALSE,0.941852593926761,"gee",0.76751314983003,FALSE,"inconclusive",TRUE,4,"gee"
"S0",20,FALSE,0.511333941998325,"gee",0.995773879822529,FALSE,"inconclusive",TRUE,4,"gee"
"S1",20,TRUE,8.25400262837173e-05,"glmm_drop_item_chain",1.68107719604668,FALSE,NA,TRUE,4,"glmm_drop_item_chain"
"S2",20,TRUE,4.25066698861443e-06,"gee",1.90204352509373,FALSE,NA,TRUE,4,"gee"
"S3",20,FALSE,0.99365485959458,"glmm_drop_item",0.673048792566956,FALSE,"evidence for H-alt",TRUE,4,"glmm_drop_item"
"S0",21,FALSE,0.32127441242555,"gee",1.07066395758258,FALSE,"inconclusive",TRUE,4,"gee"
"S1",21,TRUE,0.015808950726144,"glmm_drop_item_chain",1.34356716004951,FALSE,NA,TRUE,4,"glmm_drop_item_chain"
"S2",21,TRUE,3.56067506868118e-06,"glmm_drop_item",1.79266779210272,FALSE,NA,TRUE,4,"glmm_drop_item"
"S3",21,FALSE,0.98826592955249,"gee",0.682604190577562,FALSE,"evidence for H-alt",TRUE,4,"gee"
"S0",22,FALSE,0.251382163350721,"gee",1.10934703531664,FALSE,"inconclusive",TRUE,4,"gee"
"S1",22,TRUE,7.35286791262446e-05,"glmm_drop_item",1.74520938065611,FALSE,NA,TRUE,4,"glmm_drop_item"
"S2",22,TRUE,5.23458165702095e-09,"gee",2.10974676473972,FALSE,NA,TRUE,4,"gee"
"S3",22,FALSE,0.737961828199151,"glmm_drop_item_chain",0.901066882515916,FALSE,"inconclusive",TRUE,4,"glmm_drop_item_chain"
"S0",23,FALSE,0.655866969569667,"glmm_drop_item",0.937935735951782,FALSE,"inconclusive",TRUE,4,"glmm_drop_item"
"S1",23,TRUE,7.62539280771968e-05,"glmm_drop_item",1.73201490081598,FALSE,NA,TRUE,4,"glmm_drop_item"
"S2",23,TRUE,2.46322269248367e-08,"gee",2.00396512296961,FALSE,NA,TRUE,4,"gee"
"S3",23,FALSE,0.973092589278218,"gee",0.748287193006651,FALSE,"evidence for H-alt",TRUE,4,"gee"
"S0",24,FALSE,0.228304744062908,"gee",1.12380524911027,FALSE,"inconclusive",TRUE,4,"gee"
"S1",24,TRUE,0.00597086873663899,"gee",1.42638935428019,FALSE,NA,TRUE,4,"gee"
"S2",24,TRUE,3.39326344800384e-11,"glmm_drop_item",2.59569574228814,FALSE,NA,TRUE,4,"glmm_drop_item"
"S3",24,FALSE,0.998941923134782,"gee",0.614076693857663,FALSE,"evidence for H-alt",TRUE,4,"gee"
"S0",25,FALSE,0.856271308776692,"gee",0.861840872908057,FALSE,"inconclusive",TRUE,4,"gee"
"S1",25,TRUE,0.00146651771521034,"gee",1.53347958462653,FALSE,NA,TRUE,4,"gee"
"S2",25,TRUE,1.10562270450032e-09,"gee",2.1684638796992,FALSE,NA,TRUE,4,"gee"
"S3",25,FALSE,0.986788376072654,"gee",0.699731744943603,FALSE,"evidence for H-alt",TRUE,4,"gee"
"S0",26,FALSE,0.0285462718585091,"gee",1.32967344543259,FALSE,"inconclusive",TRUE,4,"gee"
"S1",26,TRUE,0.0150071902597877,"glmm_drop_item_chain",1.37640823907929,FALSE,NA,TRUE,4,"glmm_drop_item_chain"
"S2",26,TRUE,9.7432674117659e-07,"glmm_drop_item",1.88789649857669,FALSE,NA,TRUE,4,"glmm_drop_item"
"S3",26,FALSE,0.866510277437336,"gee",0.839170471246973,FALSE,"inconclusive",TRUE,4,"gee"
"S0",27,FALSE,0.366111177292634,"gee",1.05229001740158,FALSE,"inconclusive",TRUE,4,"gee"
"S1",27,TRUE,0.000909891684008346,"glmm_drop_item_chain",1.54021983083269,FALSE,NA,TRUE,4,"glmm_drop_item_chain"
"S2",27,TRUE,2.58922086082691e-06,"glmm_drop_item_chain",1.76955897681269,FALSE,NA,TRUE,4,"glmm_drop_item_chain"
"S3",27,FALSE,0.996955584289646,"gee",0.646871153126735,FALSE,"evidence for H-alt",TRUE,4,"gee"
"S0",28,FALSE,0.823452931253941,"gee",0.873407487785621,FALSE,"inconclusive",TRUE,4,"gee"
"S1",28,TRUE,0.0096042990166717,"glmm_drop_item",1.35188149268478,FALSE,NA,TRUE,4,"glmm_drop_item"
"S2",28,TRUE,1.10350595328157e-08,"gee",2.20115143320173,FALSE,NA,TRUE,4,"gee"
"S3",28,FALSE,0.979817235506471,"gee",0.701679699895454,FALSE,"evidence for H-alt",TRUE,4,"gee"
"S0",29,FALSE,0.162398018779053,"gee",1.1700097205236,FALSE,"inconclusive",TRUE,4,"gee"
"S1",29,FALSE,0.017019608581348,"gee",1.36344926072759,FALSE,"inconclusive",TRUE,4,"gee"
"S2",29,TRUE,0.000382549347947569,"glmm_drop_item",1.53654559562434,FALSE,NA,TRUE,4,"glmm_drop_item"
"S3",29,FALSE,0.999941140520707,"gee",0.53002953342978,FALSE,"evidence for H-alt",TRUE,4,"gee"
"S0",30,FALSE,0.766395535907304,"glmm_full",0.88468698687179,FALSE,"inconclusive",TRUE,4,"glmm_full"
"S1",30,TRUE,0.0129501127133118,"glmm_drop_item_chain",1.37079638458362,FALSE,NA,TRUE,4,"glmm_drop_item_chain"
"S2",30,TRUE,1.61158197897748e-10,"gee",2.34690150147456,FALSE,NA,TRUE,4,"gee"
"S3",30,FALSE,0.999455055804516,"gee",0.57871507741078,FALSE,"evidence for H-alt",TRUE,4,"gee"
"S0",31,FALSE,0.52601756582327,"glmm_drop_item_chain",0.990068154284492,FALSE,"inconclusive",TRUE,4,"glmm_drop_item_chain"
"S1",31,TRUE,0.00215003107055567,"gee",1.52172040037751,FALSE,NA,TRUE,4,"gee"
"S2",31,TRUE,1.04223885077914e-08,"gee",2.05221080638833,FALSE,NA,TRUE,4,"gee"
"S3",31,FALSE,0.841752861722998,"glmm_drop_item_chain",0.847717094543498,FALSE,"inconclusive",TRUE,4,"glmm_drop_item_chain"
"S0",32,FALSE,0.0693134525759304,"glmm_drop_item",1.23297113038006,FALSE,"inconclusive",TRUE,4,"glmm_drop_item"
"S1",32,TRUE,0.000533447847164359,"glmm_drop_item_chain",1.54610922381755,FALSE,NA,TRUE,4,"glmm_drop_item_chain"
"S2",32,TRUE,3.60855106265046e-05,"glmm_drop_item",1.6957197408439,FALSE,NA,TRUE,4,"glmm_drop_item"
"S3",32,FALSE,0.178940446735825,"glmm_drop_item",1.15537385882374,FALSE,"inconclusive",TRUE,4,"glmm_drop_item"
"S0",33,FALSE,0.222007536158095,"glmm_drop_item",1.13292381995557,FALSE,"inconclusive",TRUE,4,"glmm_drop_item"
"S1",33,FALSE,0.107679677370702,"gee",1.19843240572397,FALSE,"inconclusive",TRUE,4,"gee"
"S2",33,TRUE,7.50518114656096e-06,"gee",1.85663165112757,FALSE,NA,TRUE,4,"gee"
"S3",33,FALSE,0.959690565525356,"glmm_drop_item_chain",0.722198339215506,FALSE,"evidence for H-alt",TRUE,4,"glmm_drop_item_chain"
"S0",34,FALSE,0.747283720986485,"glmm_drop_item_chain",0.911688454137681,FALSE,"inconclusive",TRUE,4,"glmm_drop_item_chain"
"S1",34,TRUE,0.00343478980681711,"gee",1.45063319124874,FALSE,NA,TRUE,4,"gee"
"S2",34,TRUE,2.4387603048126e-11,"glmm_drop_item_chain",2.48006337411422,FALSE,NA,TRUE,4,"glmm_drop_item_chain"
"S3",34,FALSE,0.998527699280984,"glmm_drop_item_chain",0.610248362412628,FALSE,"evidence for H-alt",TRUE,4,"glmm_drop_item_chain"
"S0",35,FALSE,0.0869422228299346,"glmm_drop_item",1.23625873121693,FALSE,"inconclusive",TRUE,4,"glmm_drop_item"
"S1",35,FALSE,0.18250582890511,"glmm_drop_item",1.12741296997272,FALSE,"inconclusive",TRUE,4,"glmm_drop_item"
"S2",35,TRUE,9.38872424249837e-09,"gee",2.3205582406648,FALSE,NA,TRUE,4,"gee"
"S3",35,FALSE,0.987589549019456,"glmm_drop_item_chain",0.685597068301562,FALSE,"evidence for H-alt",TRUE,4,"glmm_drop_item_chain"
"S0",36,FALSE,0.0651566829852738,"glmm_drop_item_chain",1.26393733569436,FALSE,"inconclusive",TRUE,4,"glmm_drop_item_chain"
"S1",36,TRUE,8.64101076081258e-06,"gee",1.94706250097096,FALSE,NA,TRUE,4,"gee"
"S2",36,TRUE,2.29693439601775e-07,"glmm_drop_item_chain",2.05362787635377,FALSE,NA,TRUE,4,"glmm_drop_item_chain"
"S3",36,FALSE,0.998291128296541,"glmm_drop_item",0.605244622816701,FALSE,"evidence for H-alt",TRUE,4,"glmm_drop_item"
"S0",37,FALSE,0.735261809212047,"glmm_drop_item",0.906358042764476,FALSE,"inconclusive",TRUE,4,"glmm_drop_item"
"S1",37,TRUE,0.0136778766181817,"glmm_drop_item",1.35420620521504,FALSE,NA,TRUE,4,"glmm_drop_item"
"S2",37,TRUE,1.93488677835418e-06,"gee",1.9097943124034,FALSE,NA,TRUE,4,"gee"
"S3",37,FALSE,0.742161598849292,"glmm_drop_item_chain",0.897183781645092,FALSE,"inconclusive",TRUE,4,"glmm_drop_item_chain"
"S0",38,FALSE,0.495607071147363,"gee",1.00168384332829,FALSE,"inconclusive",TRUE,4,"gee"
"S1",38,TRUE,0.0151251597538206,"gee",1.34205635346402,FALSE,NA,TRUE,4,"gee"
"S2",38,TRUE,3.43048717210692e-08,"gee",2.13942956041342,FALSE,NA,TRUE,4,"gee"
"S3",38,FALSE,0.98127332433785,"glmm_drop_item",0.705272957962476,FALSE,"evidence for H-alt",TRUE,4,"glmm_drop_item"
"S0",39,FALSE,0.710737411191517,"gee",0.920709608796427,FALSE,"inconclusive",TRUE,4,"gee"
"S1",39,TRUE,2.75765903463565e-05,"gee",1.71958355738338,FALSE,NA,TRUE,4,"gee"
"S2",39,TRUE,2.46905324519098e-07,"glmm_drop_item",1.96277329836582,FALSE,NA,TRUE,4,"glmm_drop_item"
"S3",39,FALSE,0.99663247079958,"glmm_drop_item",0.628618086819574,FALSE,"evidence for H-alt",TRUE,4,"glmm_drop_item"
"S0",40,FALSE,0.553969940471732,"glmm_drop_item",0.979971339676621,FALSE,"inconclusive",TRUE,4,"glmm_drop_item"
"S1",40,TRUE,0.00169238084449197,"glmm_drop_item",1.52311996086056,FALSE,NA,TRUE,4,"glmm_drop_item"
"S2",40,TRUE,1.12600872403945e-07,"glmm_drop_item_chain",1.98072327896155,FALSE,NA,TRUE,4,"glmm_drop_item_chain"
"S3",40,FALSE,0.982409445446665,"gee",0.675245286025996,FALSE,"evidence for H-alt",TRUE,4,"gee"
"S0",41,FALSE,0.077210065727699,"gee",1.24556696015478,FALSE,"inconclusive",TRUE,4,"gee"
"S1",41,TRUE,0.0013223886206275,"glmm_drop_item",1.54710118959772,FALSE,NA,TRUE,4,"glmm_drop_item"
"S2",41,TRUE,3.14014469982027e-09,"glmm_drop_item_chain",2.31666852413415,FALSE,NA,TRUE,4,"glmm_drop_item_chain"
"S3",41,FALSE,0.990491489784195,"gee",0.667752222573448,FALSE,"evidence for H-alt",TRUE,4,"gee"
"S0",42,FALSE,0.334870207436831,"glmm_drop_item_chain",1.07095189778365,FALSE,"inconclusive",TRUE,4,"glmm_drop_item_chain"
"S1",42,TRUE,0.00353305782915303,"gee",1.45089083466075,FALSE,NA,TRUE,4,"gee"
"S2",42,TRUE,3.74754442522551e-06,"glmm_drop_item",1.83856131192865,FALSE,NA,TRUE,4,"glmm_drop_item"
"S3",42,FALSE,0.901316264214265,"glmm_drop_item_chain",0.806342874535941,FALSE,"inconclusive",TRUE,4,"glmm_drop_item_chain"
"S0",43,FALSE,0.86283038980778,"glmm_drop_item_chain",0.845143012157834,FALSE,"inconclusive",TRUE,4,"glmm_drop_item_chain"
"S1",43,FALSE,0.058324610627254,"gee",1.24466431709283,FALSE,"inconclusive",TRUE,4,"gee"
"S2",43,TRUE,1.4870834341707e-08,"glmm_drop_item",2.1166051056043,FALSE,NA,TRUE,4,"glmm_drop_item"
"S3",43,FALSE,0.918615740294314,"glmm_drop_item_chain",0.804812043572225,FALSE,"inconclusive",TRUE,4,"glmm_drop_item_chain"
"S0",44,FALSE,0.87145180082094,"glmm_drop_item_chain",0.84491849869015,FALSE,"inconclusive",TRUE,4,"glmm_drop_item_chain"
"S1",44,TRUE,5.86366370147751e-06,"gee",1.86385580745016,FALSE,NA,TRUE,4,"gee"
"S2",44,TRUE,8.39869807034432e-09,"gee",2.10351050127451,FALSE,NA,TRUE,4,"gee"
"S3",44,FALSE,0.999999631861019,"gee",0.414728611965268,FALSE,"evidence for H-alt",TRUE,4,"gee"
"S0",45,FALSE,0.80805461397971,"glmm_drop_item",0.876414006053572,FALSE,"inconclusive",TRUE,4,"glmm_drop_item"
"S1",45,FALSE,0.0202482489029641,"glmm_drop_item",1.32652544951998,FALSE,"inconclusive",TRUE,4,"glmm_drop_item"
"S2",45,TRUE,3.73198427716659e-09,"gee",2.18189752909323,FALSE,NA,TRUE,4,"gee"
"S3",45,FALSE,0.993982155755039,"gee",0.647580522811611,FALSE,"evidence for H-alt",TRUE,4,"gee"
"S0",46,FALSE,0.642773840081599,"gee",0.948286568852452,FALSE,"inconclusive",TRUE,4,"gee"
"S1",46,TRUE,0.00670996009513958,"gee",1.41291325810962,FALSE,NA,TRUE,4,"gee"
"S2",46,TRUE,2.5255589123363e-06,"gee",1.96117384665718,FALSE,NA,TRUE,4,"gee"
"S3",46,FALSE,0.916547904999984,"gee",0.792248297251679,FALSE,"inconclusive",TRUE,4,"gee"
"S0",47,FALSE,0.0817254259596727,"gee",1.22159180037138,FALSE,"inconclusive",TRUE,4,"gee"
"S1",47,FALSE,0.0342974413280788,"glmm_drop_item_chain",1.29970033126735,FALSE,"inconclusive",TRUE,4,"glmm_drop_item_chain"
"S2",47,TRUE,4.09084643937518e-09,"gee",2.148134041865,FALSE,NA,TRUE,4,"gee"
"S3",47,FALSE,0.950594051276473,"gee",0.758695983410578,FALSE,"evidence for H-alt",TRUE,4,"gee"
"S0",48,FALSE,0.153768754603775,"gee",1.17411424815931,FALSE,"inconclusive",TRUE,4,"gee"
"S1",48,TRUE,0.000195878358356105,"gee",1.66840409943201,FALSE,NA,TRUE,4,"gee"
"S2",48,TRUE,1.98551060592855e-07,"gee",2.00805893649435,FALSE,NA,TRUE,4,"gee"
"S3",48,FALSE,0.998352074703717,"glmm_drop_item_chain",0.609370260018906,FALSE,"evidence for H-alt",TRUE,4,"glmm_drop_item_chain"
"S0",49,FALSE,0.0573447096448867,"glmm_drop_item_chain",1.27043050337181,FALSE,"inconclusive",TRUE,4,"glmm_drop_item_chain"
"S1",49,TRUE,4.37171357591248e-05,"gee",1.72617228461389,FALSE,NA,TRUE,4,"gee"
"S2",49,TRUE,7.68989746990911e-07,"gee",1.99848964220403,FALSE,NA,TRUE,4,"gee"
"S3",49,FALSE,0.998069136698824,"glmm_drop_item_chain",0.631070702301037,FALSE,"evidence for H-alt",TRUE,4,"glmm_drop_item_chain"
"S0",50,FALSE,0.0554790991296236,"gee",1.29365511008376,FALSE,"inconclusive",TRUE,4,"gee"
"S1",50,TRUE,0.014508787169386,"glmm_drop_item",1.36084032587054,FALSE,NA,TRUE,4,"glmm_drop_item"
"S2",50,TRUE,1.10243799056331e-06,"glmm_drop_item",1.95267492146728,FALSE,NA,TRUE,4,"glmm_drop_item"
"S3",50,FALSE,0.900406991165821,"gee",0.809158251730731,FALSE,"inconclusive",TRUE,4,"gee"
"S0",51,FALSE,0.345665806141044,"gee",1.06076998056702,FALSE,"inconclusive",TRUE,4,"gee"
"S1",51,FALSE,0.022010700882138,"gee",1.33878363053902,FALSE,"inconclusive",TRUE,4,"gee"
"S2",51,TRUE,6.48144362513925e-07,"gee",1.8960971416844,FALSE,NA,TRUE,4,"gee"
"S3",51,FALSE,0.870329285952374,"gee",0.825945943595131,FALSE,"inconclusive",TRUE,4,"gee"
"S0",52,FALSE,0.186568870115532,"gee",1.16871732020364,FALSE,"inconclusive",TRUE,4,"gee"
"S1",52,TRUE,0.000359459478419533,"glmm_drop_item_chain",1.57687029501901,FALSE,NA,TRUE,4,"glmm_drop_item_chain"
"S2",52,TRUE,4.83781681381856e-10,"gee",2.27648165160071,FALSE,NA,TRUE,4,"gee"
"S3",52,FALSE,0.98553510520685,"glmm_drop_item_chain",0.672717990463868,FALSE,"evidence for H-alt",TRUE,4,"glmm_drop_item_chain"
"S0",53,FALSE,0.0460972489355035,"glmm_drop_item",1.31727248734771,FALSE,"inconclusive",TRUE,4,"glmm_drop_item"
"S1",53,TRUE,0.000225162902469989,"gee",1.59222280486941,FALSE,NA,TRUE,4,"gee"
"S2",53,TRUE,6.22346396639273e-10,"glmm_drop_item_chain",2.21902335037405,FALSE,NA,TRUE,4,"glmm_drop_item_chain"
"S3",53,FALSE,0.948238832548206,"gee",0.769001518490216,FALSE,"inconclusive",TRUE,4,"gee"
"S0",54,FALSE,0.75998443522131,"gee",0.89048043909387,FALSE,"inconclusive",TRUE,4,"gee"
"S1",54,TRUE,0.00047327686718035,"gee",1.57870237209795,FALSE,NA,TRUE,4,"gee"
"S2",54,TRUE,2.61844990134819e-09,"gee",2.14452262944648,FALSE,NA,TRUE,4,"gee"
"S3",54,FALSE,0.806523492223473,"gee",0.871996452076554,FALSE,"inconclusive",TRUE,4,"gee"
"S0",55,FALSE,0.469158083679926,"gee",1.0128436365606,FALSE,"inconclusive",TRUE,4,"gee"
"S1",55,FALSE,0.226070715317297,"glmm_drop_item_chain",1.11479006879946,FALSE,"inconclusive",TRUE,4,"glmm_drop_item_chain"
"S2",55,TRUE,2.96651592179842e-12,"gee",2.43458882502131,FALSE,NA,TRUE,4,"gee"
"S3",55,FALSE,0.945014024514902,"glmm_drop_item_chain",0.756782879030895,FALSE,"inconclusive",TRUE,4,"glmm_drop_item_chain"
"S0",56,FALSE,0.792053559387129,"glmm_drop_item",0.88679245696474,FALSE,"inconclusive",TRUE,4,"glmm_drop_item"
"S1",56,TRUE,3.33314497014126e-06,"glmm_drop_item",1.82567271820962,FALSE,NA,TRUE,4,"glmm_drop_item"
"S2",56,TRUE,1.54751563408162e-06,"glmm_drop_item_chain",1.84894744205976,FALSE,NA,TRUE,4,"glmm_drop_item_chain"
"S3",56,FALSE,0.999998324737965,"gee",0.459961202941556,FALSE,"evidence for H-alt",TRUE,4,"gee"
"S0",57,FALSE,0.878208447586369,"gee",0.835094940766651,FALSE,"inconclusive",TRUE,4,"gee"
"S1",57,TRUE,0.0103929762813371,"gee",1.37764926901251,FALSE,NA,TRUE,4,"gee"
"S2",57,TRUE,3.54005713631977e-12,"glmm_drop_item",2.66253658867785,FALSE,NA,TRUE,4,"glmm_drop_item"
"S3",57,FALSE,0.934468745391458,"glmm_drop_item",0.773946228994601,FALSE,"inconclusive",TRUE,4,"glmm_drop_item"
"S0",58,FALSE,0.746032650312276,"gee",0.896815813491475,FALSE,"inconclusive",TRUE,4,"gee"
"S1",58,TRUE,0.00477507834389312,"glmm_drop_item_chain",1.43344763402838,FALSE,NA,TRUE,4,"glmm_drop_item_chain"
"S2",58,TRUE,3.71903274842822e-08,"glmm_drop_item_chain",2.00908146084001,FALSE,NA,TRUE,4,"glmm_drop_item_chain"
"S3",58,FALSE,0.998267077198109,"gee",0.624706646234041,FALSE,"evidence for H-alt",TRUE,4,"gee"
"S0",59,FALSE,0.570831416199274,"gee",0.972001157585099,FALSE,"inconclusive",TRUE,4,"gee"
"S1",59,FALSE,0.0296042685321628,"glmm_drop_item",1.31325146330781,FALSE,"inconclusive",TRUE,4,"glmm_drop_item"
"S2",59,TRUE,5.67891875191684e-07,"glmm_drop_item",1.85796508178499,FALSE,NA,TRUE,4,"glmm_drop_item"
"S3",59,FALSE,0.982675534371402,"glmm_drop_item_chain",0.69534462397989,FALSE,"evidence for H-alt",TRUE,4,"glmm_drop_item_chain"
"S0",60,FALSE,0.80663448656856,"gee",0.859772434749852,FALSE,"inconclusive",TRUE,4,"gee"
"S1",60,TRUE,2.87386477015872e-06,"gee",1.89125767913519,FALSE,NA,TRUE,4,"gee"
"S2",60,TRUE,7.84679525622778e-06,"gee",1.88149748169682,FALSE,NA,TRUE,4,"gee"
"S3",60,FALSE,0.997925997293025,"gee",0.609309787574283,FALSE,"evidence for H-alt",TRUE,4,"gee"
"S0",61,FALSE,0.878881648656866,"gee",0.836740062256561,FALSE,"inconclusive",TRUE,4,"gee"
"S1",61,FALSE,0.065108758199106,"glmm_drop_item_chain",1.22808249023753,FALSE,"inconclusive",TRUE,4,"glmm_drop_item_chain"
"S2",61,TRUE,4.79375317219422e-09,"gee",2.05569209998345,FALSE,NA,TRUE,4,"gee"
"S3",61,FALSE,0.984150112592888,"gee",0.705026370208557,FALSE,"evidence for H-alt",TRUE,4,"gee"
"S0",62,FALSE,0.711582445616436,"glmm_drop_item_chain",0.914177433885026,FALSE,"inconclusive",TRUE,4,"glmm_drop_item_chain"
"S1",62,FALSE,0.0194473361247895,"glmm_drop_item",1.33516177034283,FALSE,"inconclusive",TRUE,4,"glmm_drop_item"
"S2",62,TRUE,1.61226027528549e-07,"glmm_drop_item_chain",1.9448436633513,FALSE,NA,TRUE,4,"glmm_drop_item_chain"
"S3",62,FALSE,0.998659731395655,"glmm_drop_item",0.629055634531177,FALSE,"evidence for H-alt",TRUE,4,"glmm_drop_item"
"S0",63,FALSE,0.892175558756368,"glmm_drop_item_chain",0.820970361790003,FALSE,"inconclusive",TRUE,4,"glmm_drop_item_chain"
"S1",63,FALSE,0.0220215583803073,"gee",1.30304220513753,FALSE,"inconclusive",TRUE,4,"gee"
"S2",63,TRUE,1.0579864382243e-05,"glmm_drop_item",1.71280689711567,FALSE,NA,TRUE,4,"glmm_drop_item"
"S3",63,FALSE,0.999188934261731,"gee",0.595702423348735,FALSE,"evidence for H-alt",TRUE,4,"gee"
"S0",64,FALSE,0.718355603295098,"glmm_drop_item_chain",0.914365076885853,FALSE,"inconclusive",TRUE,4,"glmm_drop_item_chain"
"S1",64,FALSE,0.0252657062698227,"glmm_drop_item",1.31545626293614,FALSE,"inconclusive",TRUE,4,"glmm_drop_item"
"S2",64,TRUE,5.40079181376996e-09,"gee",2.13372070819211,FALSE,NA,TRUE,4,"gee"
"S3",64,FALSE,0.999876522845171,"glmm_drop_item_chain",0.539877381944749,FALSE,"evidence for H-alt",TRUE,4,"glmm_drop_item_chain"
"S0",65,FALSE,0.479313723622608,"glmm_drop_item",1.00757683557924,FALSE,"inconclusive",TRUE,4,"glmm_drop_item"
"S1",65,TRUE,0.00250569787432053,"gee",1.45793342048548,FALSE,NA,TRUE,4,"gee"
"S2",65,TRUE,6.37835702921308e-07,"gee",1.89200066138719,FALSE,NA,TRUE,4,"gee"
"S3",65,FALSE,0.971289619320516,"gee",0.74696322048063,FALSE,"evidence for H-alt",TRUE,4,"gee"
"S0",66,FALSE,0.354334000890797,"glmm_full",1.06061233959535,FALSE,"inconclusive",TRUE,4,"glmm_full"
"S1",66,TRUE,0.000412489478752609,"gee",1.62170187179564,FALSE,NA,TRUE,4,"gee"
"S2",66,TRUE,4.56129589654353e-09,"glmm_drop_item",2.00276120320346,FALSE,NA,TRUE,4,"glmm_drop_item"
"S3",66,FALSE,0.902349596529642,"gee",0.823182614194995,FALSE,"inconclusive",TRUE,4,"gee"
"S0",67,FALSE,0.87391276496565,"glmm_drop_item",0.842976980874433,FALSE,"inconclusive",TRUE,4,"glmm_drop_item"
"S1",67,FALSE,0.384916570895254,"gee",1.0426962535674,FALSE,"inconclusive",TRUE,4,"gee"
"S2",67,TRUE,3.44017308950839e-06,"glmm_drop_item",1.77251454816848,FALSE,NA,TRUE,4,"glmm_drop_item"
"S3",67,FALSE,0.997251122529766,"glmm_drop_item_chain",0.629334548158896,FALSE,"evidence for H-alt",TRUE,4,"glmm_drop_item_chain"
"S0",68,FALSE,0.861014465574998,"gee",0.851831880834418,FALSE,"inconclusive",TRUE,4,"gee"
"S1",68,FALSE,0.288521347266629,"glmm_drop_item_chain",1.07985923361145,FALSE,"inconclusive",TRUE,4,"glmm_drop_item_chain"
"S2",68,TRUE,3.50780082758462e-08,"glmm_drop_item",2.07080460019925,FALSE,NA,TRUE,4,"glmm_drop_item"
"S3",68,FALSE,0.998185344467245,"gee",0.595129209275339,FALSE,"evidence for H-alt",TRUE,4,"gee"
"S0",69,FALSE,0.470606735032806,"glmm_drop_item_chain",1.01114747255734,FALSE,"inconclusive",TRUE,4,"glmm_drop_item_chain"
"S1",69,TRUE,0.000596286717264194,"glmm_drop_item",1.56805766490994,FALSE,NA,TRUE,4,"glmm_drop_item"
"S2",69,TRUE,1.24490862385418e-06,"glmm_drop_item",1.79916707576865,FALSE,NA,TRUE,4,"glmm_drop_item"
"S3",69,FALSE,0.852783215108385,"glmm_drop_item",0.835947488705851,FALSE,"inconclusive",TRUE,4,"glmm_drop_item"
"S0",70,FALSE,0.789368106041084,"gee",0.887403457101743,FALSE,"inconclusive",TRUE,4,"gee"
"S1",70,TRUE,8.40947296452121e-05,"glmm_drop_item_chain",1.74360406148432,FALSE,NA,TRUE,4,"glmm_drop_item_chain"
"S2",70,TRUE,1.79726433324756e-06,"gee",1.74522400728076,FALSE,NA,TRUE,4,"gee"
"S3",70,FALSE,0.765633053063374,"gee",0.899622932585863,FALSE,"inconclusive",TRUE,4,"gee"
"S0",71,FALSE,0.81328722294997,"glmm_drop_item_chain",0.871050873964135,FALSE,"inconclusive",TRUE,4,"glmm_drop_item_chain"
"S1",71,TRUE,0.000241274907126332,"glmm_drop_item",1.5853226549369,FALSE,NA,TRUE,4,"glmm_drop_item"
"S2",71,TRUE,7.09432205203697e-08,"glmm_drop_item",1.96313151828364,FALSE,NA,TRUE,4,"glmm_drop_item"
"S3",71,FALSE,0.999960023472598,"glmm_drop_item_chain",0.520617832391699,FALSE,"evidence for H-alt",TRUE,4,"glmm_drop_item_chain"
"S0",72,FALSE,0.563833507812,"glmm_drop_item_chain",0.975649847888761,FALSE,"inconclusive",TRUE,4,"glmm_drop_item_chain"
"S1",72,FALSE,0.0910710788609248,"gee",1.19710516406299,FALSE,"inconclusive",TRUE,4,"gee"
"S2",72,TRUE,8.37189897595625e-06,"glmm_drop_item_chain",1.74326544191353,FALSE,NA,TRUE,4,"glmm_drop_item_chain"
"S3",72,FALSE,0.930131278487015,"gee",0.758633562896553,FALSE,"inconclusive",TRUE,4,"gee"
"S0",73,FALSE,0.119767158758588,"gee",1.1875191003639,FALSE,"inconclusive",TRUE,4,"gee"
"S1",73,FALSE,0.0268081056462517,"glmm_drop_item_chain",1.3150449966435,FALSE,"inconclusive",TRUE,4,"glmm_drop_item_chain"
"S2",73,TRUE,2.47960916133216e-07,"glmm_drop_item_chain",2.08956050948239,FALSE,NA,TRUE,4,"glmm_drop_item_chain"
"S3",73,FALSE,0.94321283912964,"gee",0.758327739015651,FALSE,"inconclusive",TRUE,4,"gee"
"S0",74,FALSE,0.886706439264539,"glmm_drop_item",0.835274374262174,FALSE,"inconclusive",TRUE,4,"glmm_drop_item"
"S1",74,TRUE,0.00199836130356834,"gee",1.56578425770073,FALSE,NA,TRUE,4,"gee"
"S2",74,TRUE,4.63867879552105e-07,"gee",1.92951910054728,FALSE,NA,TRUE,4,"gee"
"S3",74,FALSE,0.999643355279589,"gee",0.571127963392485,FALSE,"evidence for H-alt",TRUE,4,"gee"
"S0",75,FALSE,0.588825967141687,"gee",0.968788818935596,FALSE,"inconclusive",TRUE,4,"gee"
"S1",75,TRUE,0.000255902835808897,"gee",1.6133026014306,FALSE,NA,TRUE,4,"gee"
"S2",75,TRUE,1.42607037290077e-11,"gee",2.53238370486149,FALSE,NA,TRUE,4,"gee"
"S3",75,FALSE,0.994004924192161,"glmm_drop_item_chain",0.669143276616865,FALSE,"evidence for H-alt",TRUE,4,"glmm_drop_item_chain"
"S0",76,FALSE,0.0192902799087542,"glmm_drop_item",1.39110375535374,FALSE,"inconclusive",TRUE,4,"glmm_drop_item"
"S1",76,TRUE,5.7674530515639e-05,"glmm_drop_item",1.715938147647,FALSE,NA,TRUE,4,"glmm_drop_item"
"S2",76,TRUE,4.25946814486267e-08,"gee",2.08784868464034,FALSE,NA,TRUE,4,"gee"
"S3",76,FALSE,0.999218333308494,"gee",0.602258131479587,FALSE,"evidence for H-alt",TRUE,4,"gee"
"S0",77,FALSE,0.0749576432349722,"glmm_drop_item_chain",1.24541372874361,FALSE,"inconclusive",TRUE,4,"glmm_drop_item_chain"
"S1",77,FALSE,0.0821442602653231,"gee",1.19415088899363,FALSE,"inconclusive",TRUE,4,"gee"
"S2",77,TRUE,7.45892254183644e-07,"gee",1.94543538481563,FALSE,NA,TRUE,4,"gee"
"S3",77,FALSE,0.963497270109691,"gee",0.749067302668232,FALSE,"evidence for H-alt",TRUE,4,"gee"
"S0",78,FALSE,0.32238061607403,"glmm_drop_item_chain",1.07077788285162,FALSE,"inconclusive",TRUE,4,"glmm_drop_item_chain"
"S1",78,TRUE,1.10312515566591e-07,"gee",2.19519076989839,FALSE,NA,TRUE,4,"gee"
"S2",78,TRUE,5.10253056418275e-06,"gee",1.90971465688717,FALSE,NA,TRUE,4,"gee"
"S3",78,FALSE,0.999175528680949,"glmm_drop_item",0.576637207899124,FALSE,"evidence for H-alt",TRUE,4,"glmm_drop_item"
"S0",79,FALSE,0.687526591253188,"gee",0.923234570985876,FALSE,"inconclusive",TRUE,4,"gee"
"S1",79,TRUE,0.000235832722465301,"glmm_drop_item_chain",1.65494894191869,FALSE,NA,TRUE,4,"glmm_drop_item_chain"
"S2",79,TRUE,2.25593875380348e-05,"glmm_drop_item",1.73777123470113,FALSE,NA,TRUE,4,"glmm_drop_item"
"S3",79,FALSE,0.769076132504903,"glmm_drop_item",0.872005763318999,FALSE,"inconclusive",TRUE,4,"glmm_drop_item"
"S0",80,FALSE,0.599492957283917,"glmm_drop_item_chain",0.963221889933269,FALSE,"inconclusive",TRUE,4,"glmm_drop_item_chain"
"S1",80,FALSE,0.0407931403851268,"glmm_full",1.31925320106035,FALSE,"inconclusive",TRUE,4,"glmm_full"
"S2",80,TRUE,2.04914496482189e-09,"gee",2.24054326660625,FALSE,NA,TRUE,4,"gee"
"S3",80,FALSE,0.822636770158523,"glmm_drop_item_chain",0.858946410016658,FALSE,"inconclusive",TRUE,4,"glmm_drop_item_chain"
"S0",81,FALSE,0.502943563596648,"glmm_drop_item_chain",0.998951862202095,FALSE,"inconclusive",TRUE,4,"glmm_drop_item_chain"
"S1",81,TRUE,0.00665087635611228,"gee",1.35220218073965,FALSE,NA,TRUE,4,"gee"
"S2",81,TRUE,6.27101248307227e-06,"glmm_drop_item_chain",1.73436648982546,FALSE,NA,TRUE,4,"glmm_drop_item_chain"
"S3",81,FALSE,0.0512357901747418,"glmm_drop_item_chain",1.28689554669898,FALSE,"inconclusive",TRUE,4,"glmm_drop_item_chain"
"S0",82,FALSE,0.755993604446442,"gee",0.902892742147534,FALSE,"inconclusive",TRUE,4,"gee"
"S1",82,TRUE,0.00615664121996029,"glmm_drop_item_chain",1.41672494389859,FALSE,NA,TRUE,4,"glmm_drop_item_chain"
"S2",82,TRUE,1.64424948101427e-08,"gee",2.20022442604443,FALSE,NA,TRUE,4,"gee"
"S3",82,FALSE,0.999434397993525,"glmm_drop_item",0.577821240848168,FALSE,"evidence for H-alt",TRUE,4,"glmm_drop_item"
"S0",83,FALSE,0.374815454821463,"gee",1.05613991409759,FALSE,"inconclusive",TRUE,4,"gee"
"S1",83,TRUE,0.00364144002982192,"gee",1.44700950412064,FALSE,NA,TRUE,4,"gee"
"S2",83,TRUE,1.48389300846929e-10,"glmm_drop_item",2.25597063857511,FALSE,NA,TRUE,4,"glmm_drop_item"
"S3",83,FALSE,0.883323183027695,"gee",0.830911544717595,FALSE,"inconclusive",TRUE,4,"gee"
"S0",84,FALSE,0.578356955187052,"gee",0.97261386647023,FALSE,"inconclusive",TRUE,4,"gee"
"S1",84,FALSE,0.0734318897545354,"glmm_drop_item_chain",1.2170399014453,FALSE,"inconclusive",TRUE,4,"glmm_drop_item_chain"
"S2",84,TRUE,2.4020137545655e-08,"gee",2.14966666899069,FALSE,NA,TRUE,4,"gee"
"S3",84,FALSE,0.869476830294291,"gee",0.836116693324506,FALSE,"inconclusive",TRUE,4,"gee"
"S0",85,FALSE,0.948646637915821,"glmm_drop_item_chain",0.772280536088764,FALSE,"inconclusive",TRUE,4,"glmm_drop_item_chain"
"S1",85,TRUE,1.18599742682246e-06,"glmm_drop_item",1.97047266930862,FALSE,NA,TRUE,4,"glmm_drop_item"
"S2",85,TRUE,1.67281655194529e-09,"glmm_drop_item",2.24276467925779,FALSE,NA,TRUE,4,"glmm_drop_item"
"S3",85,FALSE,0.977741152525678,"glmm_drop_item",0.727212925206424,FALSE,"evidence for H-alt",TRUE,4,"glmm_drop_item"
"S0",86,FALSE,0.637999676190138,"gee",0.944488319080289,FALSE,"inconclusive",TRUE,4,"gee"
"S1",86,FALSE,0.0315187461077,"glmm_drop_item",1.28423266211388,FALSE,"inconclusive",TRUE,4,"glmm_drop_item"
"S2",86,TRUE,5.22555443360773e-10,"glmm_drop_item_chain",2.21708075610367,FALSE,NA,TRUE,4,"glmm_drop_item_chain"
"S3",86,FALSE,0.989443947227488,"gee",0.650408378709774,FALSE,"evidence for H-alt",TRUE,4,"gee"
"S0",87,FALSE,0.360720931495797,"gee",1.05539383478718,FALSE,"inconclusive",TRUE,4,"gee"
"S1",87,FALSE,0.0449050871284897,"glmm_drop_item_chain",1.26486843723207,FALSE,"inconclusive",TRUE,4,"glmm_drop_item_chain"
"S2",87,TRUE,3.16401449484971e-09,"glmm_drop_item",2.18562068495024,FALSE,NA,TRUE,4,"glmm_drop_item"
"S3",87,FALSE,0.998452785017202,"glmm_drop_item_chain",0.605069194295951,FALSE,"evidence for H-alt",TRUE,4,"glmm_drop_item_chain"
"S0",88,FALSE,0.501895995602783,"glmm_drop_item",0.999262508442863,FALSE,"inconclusive",TRUE,4,"glmm_drop_item"
"S1",88,FALSE,0.0256924965592606,"gee",1.29215379848258,FALSE,"inconclusive",TRUE,4,"gee"
"S2",88,TRUE,0.000337791689834388,"gee",1.58399598189353,FALSE,NA,TRUE,4,"gee"
"S3",88,FALSE,0.961151114223777,"glmm_drop_item",0.747738735941506,FALSE,"evidence for H-alt",TRUE,4,"glmm_drop_item"
"S0",89,FALSE,0.332964133978081,"glmm_drop_item_chain",1.06503158958961,FALSE,"inconclusive",TRUE,4,"glmm_drop_item_chain"
"S1",89,FALSE,0.0762210022919125,"gee",1.20638934917814,FALSE,"inconclusive",TRUE,4,"gee"
"S2",89,TRUE,1.41587351842887e-08,"gee",2.13859810162566,FALSE,NA,TRUE,4,"gee"
"S3",89,FALSE,0.985276749981128,"glmm_drop_item_chain",0.690819359013588,FALSE,"evidence for H-alt",TRUE,4,"glmm_drop_item_chain"
"S0",90,FALSE,0.998392094853806,"gee",0.647714135177619,FALSE,"evidence for H-alt",TRUE,4,"gee"
"S1",90,TRUE,1.80628062377286e-05,"glmm_drop_item_chain",1.78301520191278,FALSE,NA,TRUE,4,"glmm_drop_item_chain"
"S2",90,TRUE,1.13956077458788e-05,"glmm_drop_item_chain",1.73315585781318,FALSE,NA,TRUE,4,"glmm_drop_item_chain"
"S3",90,FALSE,0.933710651940932,"glmm_drop_item_chain",0.766564516928678,FALSE,"inconclusive",TRUE,4,"glmm_drop_item_chain"
"S0",91,FALSE,0.558662287396253,"glmm_drop_item_chain",0.976935788455253,FALSE,"inconclusive",TRUE,4,"glmm_drop_item_chain"
"S1",91,TRUE,0.00162335371823075,"gee",1.48533471166781,FALSE,NA,TRUE,4,"gee"
"S2",91,TRUE,2.57765045974523e-08,"glmm_drop_item_chain",2.04470786502714,FALSE,NA,TRUE,4,"glmm_drop_item_chain"
"S3",91,FALSE,0.991579451013891,"glmm_drop_item_chain",0.670225105252237,FALSE,"evidence for H-alt",TRUE,4,"glmm_drop_item_chain"
"S0",92,FALSE,0.14675790142864,"gee",1.16623954283864,FALSE,"inconclusive",TRUE,4,"gee"
"S1",92,TRUE,0.00502307740538688,"gee",1.44760033784717,FALSE,NA,TRUE,4,"gee"
"S2",92,TRUE,1.00181980933201e-06,"glmm_drop_item_chain",1.9259144227445,FALSE,NA,TRUE,4,"glmm_drop_item_chain"
"S3",92,FALSE,0.999782320936285,"gee",0.507945971818097,FALSE,"evidence for H-alt",TRUE,4,"gee"
"S0",93,FALSE,0.645626832331941,"gee",0.941902320569795,FALSE,"inconclusive",TRUE,4,"gee"
"S1",93,TRUE,0.00540852681788417,"gee",1.42839086273606,FALSE,NA,TRUE,4,"gee"
"S2",93,TRUE,5.17802897892494e-07,"gee",1.98259256031965,FALSE,NA,TRUE,4,"gee"
"S3",93,FALSE,0.99011361321788,"glmm_drop_item_chain",0.69114716639226,FALSE,"evidence for H-alt",TRUE,4,"glmm_drop_item_chain"
"S0",94,FALSE,0.594450004587894,"glmm_drop_item",0.965996422895059,FALSE,"inconclusive",TRUE,4,"glmm_drop_item"
"S1",94,FALSE,0.207734242282481,"gee",1.11933416212695,FALSE,"inconclusive",TRUE,4,"gee"
"S2",94,TRUE,2.4825101252457e-07,"glmm_full",2.46392951403804,FALSE,NA,TRUE,4,"glmm_full"
"S3",94,FALSE,0.999027295554562,"gee",0.559366090953546,FALSE,"evidence for H-alt",TRUE,4,"gee"
"S0",95,FALSE,0.574184142423442,"glmm_drop_item",0.971549086392598,FALSE,"inconclusive",TRUE,4,"glmm_drop_item"
"S1",95,FALSE,0.144856581146894,"glmm_drop_item",1.16466572922608,FALSE,"inconclusive",TRUE,4,"glmm_drop_item"
"S2",95,TRUE,3.43258307888838e-07,"gee",1.89454020033264,FALSE,NA,TRUE,4,"gee"
"S3",95,FALSE,0.970281461167572,"glmm_drop_item_chain",0.732600003476017,FALSE,"evidence for H-alt",TRUE,4,"glmm_drop_item_chain"
"S0",96,FALSE,0.411788450320763,"gee",1.03630941882336,FALSE,"inconclusive",TRUE,4,"gee"
"S1",96,TRUE,2.34333171108547e-05,"gee",1.81782767652966,FALSE,NA,TRUE,4,"gee"
"S2",96,TRUE,1.22944435554384e-06,"glmm_drop_item_chain",1.91640881209232,FALSE,NA,TRUE,4,"glmm_drop_item_chain"
"S3",96,FALSE,0.981208899376936,"gee",0.72290130146006,FALSE,"evidence for H-alt",TRUE,4,"gee"
"S0",97,FALSE,0.514169900798221,"gee",0.994551946134941,FALSE,"inconclusive",TRUE,4,"gee"
"S1",97,TRUE,0.000334669610161376,"glmm_drop_item",1.6050409582545,FALSE,NA,TRUE,4,"glmm_drop_item"
"S2",97,TRUE,2.03505767792933e-10,"gee",2.33177999853586,FALSE,NA,TRUE,4,"gee"
"S3",97,FALSE,0.930800826756569,"glmm_drop_item",0.777687610690561,FALSE,"inconclusive",TRUE,4,"glmm_drop_item"
"S0",98,FALSE,0.0902298789240152,"glmm_drop_item_chain",1.20386122587936,FALSE,"inconclusive",TRUE,4,"glmm_drop_item_chain"
"S1",98,TRUE,0.015371823549287,"gee",1.38508316002829,FALSE,NA,TRUE,4,"gee"
"S2",98,TRUE,1.63457558599589e-08,"glmm_drop_item_chain",2.11174672874526,FALSE,NA,TRUE,4,"glmm_drop_item_chain"
"S3",98,FALSE,0.999486958496634,"glmm_drop_item_chain",0.572065124801023,FALSE,"evidence for H-alt",TRUE,4,"glmm_drop_item_chain"
"S0",99,FALSE,0.657391310242658,"gee",0.939046306904967,FALSE,"inconclusive",TRUE,4,"gee"
"S1",99,TRUE,6.0735124261635e-05,"gee",1.66439323236402,FALSE,NA,TRUE,4,"gee"
"S2",99,TRUE,4.87783492153504e-07,"gee",1.92448752825431,FALSE,NA,TRUE,4,"gee"
"S3",99,FALSE,0.865480651166315,"gee",0.833053759873339,FALSE,"inconclusive",TRUE,4,"gee"
"S0",100,FALSE,0.438731438679549,"gee",1.02285411635988,FALSE,"inconclusive",TRUE,4,"gee"
"S1",100,TRUE,0.000168144108905643,"gee",1.57820409675269,FALSE,NA,TRUE,4,"gee"
"S2",100,TRUE,1.58655311111033e-11,"glmm_drop_item_chain",2.43661053640226,FALSE,NA,TRUE,4,"glmm_drop_item_chain"
"S3",100,FALSE,0.981669318281649,"glmm_drop_item_chain",0.696785152576248,FALSE,"evidence for H-alt",TRUE,4,"glmm_drop_item_chain"
"S0",101,FALSE,0.970351724848806,"gee",0.719956664357187,FALSE,"evidence for H-alt",TRUE,4,"gee"
"S1",101,TRUE,0.00628352361121864,"gee",1.50994549112848,FALSE,NA,TRUE,4,"gee"
"S2",101,TRUE,4.90353187665438e-06,"gee",1.76460524605597,FALSE,NA,TRUE,4,"gee"
"S3",101,FALSE,0.874270488744304,"gee",0.837141072330623,FALSE,"inconclusive",TRUE,4,"gee"
"S0",102,FALSE,0.251720657659709,"glmm_drop_item_chain",1.10471519467467,FALSE,"inconclusive",TRUE,4,"glmm_drop_item_chain"
"S1",102,TRUE,0.00260141973859973,"glmm_drop_item",1.47248938595669,FALSE,NA,TRUE,4,"glmm_drop_item"
"S2",102,TRUE,2.10427708591254e-09,"gee",2.11395457649841,FALSE,NA,TRUE,4,"gee"
"S3",102,FALSE,0.642266237740356,"gee",0.936051895854285,FALSE,"inconclusive",TRUE,4,"gee"
"S0",103,FALSE,0.915567475074079,"glmm_full",0.810279976134808,FALSE,"inconclusive",TRUE,4,"glmm_full"
"S1",103,TRUE,0.00416506016025497,"gee",1.36646025103126,FALSE,NA,TRUE,4,"gee"
"S2",103,TRUE,4.97215710826282e-08,"glmm_drop_item_chain",1.98147130802156,FALSE,NA,TRUE,4,"glmm_drop_item_chain"
"S3",103,FALSE,0.897560960379211,"glmm_drop_item",0.803629303842767,FALSE,"inconclusive",TRUE,4,"glmm_drop_item"
"S0",104,FALSE,0.518078620087345,"gee",0.993732146869044,FALSE,"inconclusive",TRUE,4,"gee"
"S1",104,TRUE,0.000106350737371752,"glmm_drop_item_chain",1.6687640278736,FALSE,NA,TRUE,4,"glmm_drop_item_chain"
"S2",104,TRUE,5.87903059567907e-10,"gee",2.27142390376367,FALSE,NA,TRUE,4,"gee"
"S3",104,FALSE,0.998508902060381,"glmm_drop_item",0.606189219376828,FALSE,"evidence for H-alt",TRUE,4,"glmm_drop_item"
"S0",105,FALSE,0.502063375948979,"glmm_drop_item",0.999155718654452,FALSE,"inconclusive",TRUE,4,"glmm_drop_item"
"S1",105,TRUE,0.00722864779196797,"glmm_drop_item_chain",1.4054390487203,FALSE,NA,TRUE,4,"glmm_drop_item_chain"
"S2",105,TRUE,1.77488443238172e-05,"gee",1.66748309404867,FALSE,NA,TRUE,4,"gee"
"S3",105,FALSE,0.999412653064688,"gee",0.575498988610347,FALSE,"evidence for H-alt",TRUE,4,"gee"
"S0",106,FALSE,0.226460376817324,"glmm_drop_item_chain",1.12414867986651,FALSE,"inconclusive",TRUE,4,"glmm_drop_item_chain"
"S1",106,TRUE,0.000153499989922645,"gee",1.64388498329212,FALSE,NA,TRUE,4,"gee"
"S2",106,TRUE,0.00423519398961258,"glmm_drop_item",1.4228405928679,FALSE,NA,TRUE,4,"glmm_drop_item"
"S3",106,FALSE,0.996806779135394,"gee",0.654320729464643,FALSE,"evidence for H-alt",TRUE,4,"gee"
"S0",107,FALSE,0.81571096127577,"glmm_drop_item_chain",0.868337028635731,FALSE,"inconclusive",TRUE,4,"glmm_drop_item_chain"
"S1",107,TRUE,0.0139955024540063,"gee",1.30898056827156,FALSE,NA,TRUE,4,"gee"
"S2",107,TRUE,3.47849082871221e-10,"gee",2.24003099633328,FALSE,NA,TRUE,4,"gee"
"S3",107,FALSE,0.987464137922094,"glmm_drop_item_chain",0.6860347287429,FALSE,"evidence for H-alt",TRUE,4,"glmm_drop_item_chain"
"S0",108,FALSE,0.797067490511804,"gee",0.882337224061305,FALSE,"inconclusive",TRUE,4,"gee"
"S1",108,FALSE,0.024844452890469,"gee",1.3150547161834,FALSE,"inconclusive",TRUE,4,"gee"
"S2",108,TRUE,3.13177928035202e-10,"glmm_drop_item",2.25682166838306,FALSE,NA,TRUE,4,"glmm_drop_item"
"S3",108,FALSE,0.954970889681233,"gee",0.768199712719458,FALSE,"evidence for H-alt",TRUE,4,"gee"
"S0",109,FALSE,0.103010387045995,"gee",1.21164336914887,FALSE,"inconclusive",TRUE,4,"gee"
"S1",109,TRUE,0.000120348045264507,"gee",1.62593924857619,FALSE,NA,TRUE,4,"gee"
"S2",109,TRUE,5.64087794252544e-08,"glmm_drop_item_chain",2.00354276196347,FALSE,NA,TRUE,4,"glmm_drop_item_chain"
"S3",109,FALSE,0.99936791555412,"glmm_drop_item",0.560854456790275,FALSE,"evidence for H-alt",TRUE,4,"glmm_drop_item"
"S0",110,FALSE,0.879148066808952,"glmm_drop_item_chain",0.839753749750034,FALSE,"inconclusive",TRUE,4,"glmm_drop_item_chain"
"S1",110,TRUE,0.00029712510595381,"gee",1.60013569429405,FALSE,NA,TRUE,4,"gee"
"S2",110,TRUE,6.22694575014293e-06,"glmm_drop_item_chain",1.84946660414037,FALSE,NA,TRUE,4,"glmm_drop_item_chain"
"S3",110,FALSE,0.99337865898244,"glmm_drop_item_chain",0.665643399049981,FALSE,"evidence for H-alt",TRUE,4,"glmm_drop_item_chain"
"S0",111,FALSE,0.0346216581953672,"gee",1.34735763334691,FALSE,"inconclusive",TRUE,4,"gee"
"S1",111,FALSE,0.256952299306934,"gee",1.10313536953831,FALSE,"inconclusive",TRUE,4,"gee"
"S2",111,TRUE,1.12816010875427e-05,"gee",1.76641498782098,FALSE,NA,TRUE,4,"gee"
"S3",111,FALSE,0.942540072654517,"gee",0.793500582873068,FALSE,"inconclusive",TRUE,4,"gee"
"S0",112,FALSE,0.0315497178761018,"gee",1.31907439022771,FALSE,"inconclusive",TRUE,4,"gee"
"S1",112,TRUE,0.00220418809845779,"glmm_drop_item_chain",1.42553598562575,FALSE,NA,TRUE,4,"glmm_drop_item_chain"
"S2",112,TRUE,3.75972919464118e-10,"glmm_drop_item_chain",2.31870169178338,FALSE,NA,TRUE,4,"glmm_drop_item_chain"
"S3",112,FALSE,0.997122238937735,"gee",0.606183115411488,FALSE,"evidence for H-alt",TRUE,4,"gee"
"S0",113,FALSE,0.249467277997324,"glmm_drop_item_chain",1.10125625380091,FALSE,"inconclusive",TRUE,4,"glmm_drop_item_chain"
"S1",113,TRUE,0.0115752294184041,"gee",1.3695573546141,FALSE,NA,TRUE,4,"gee"
"S2",113,TRUE,5.31485244703589e-09,"glmm_drop_item",2.17337344716048,FALSE,NA,TRUE,4,"glmm_drop_item"
"S3",113,FALSE,0.813801093239922,"gee",0.866929328015623,FALSE,"inconclusive",TRUE,4,"gee"
"S0",114,FALSE,0.300807754119444,"glmm_drop_item_chain",1.08394556977096,FALSE,"inconclusive",TRUE,4,"glmm_drop_item_chain"
"S1",114,TRUE,1.40706952570513e-05,"gee",1.69038446263661,FALSE,NA,TRUE,4,"gee"
"S2",114,TRUE,1.3492651440572e-11,"glmm_drop_item",2.46960127606703,FALSE,NA,TRUE,4,"glmm_drop_item"
"S3",114,FALSE,0.986037555299007,"gee",0.684192678521281,FALSE,"evidence for H-alt",TRUE,4,"gee"
"S0",115,FALSE,0.907997355339782,"glmm_full",0.789653382706432,FALSE,"inconclusive",TRUE,4,"glmm_full"
"S1",115,TRUE,2.32773379533757e-05,"gee",1.68612580833959,FALSE,NA,TRUE,4,"gee"
"S2",115,TRUE,9.37688660052061e-09,"glmm_drop_item",2.07253640661912,FALSE,NA,TRUE,4,"glmm_drop_item"
"S3",115,FALSE,0.936745793802504,"glmm_drop_item_chain",0.776417296964724,FALSE,"inconclusive",TRUE,4,"glmm_drop_item_chain"
"S0",116,FALSE,0.117149356601278,"glmm_drop_item_chain",1.21379364749005,FALSE,"inconclusive",TRUE,4,"glmm_drop_item_chain"
"S1",116,TRUE,0.00270582865780478,"glmm_drop_item",1.48454830126014,FALSE,NA,TRUE,4,"glmm_drop_item"
"S2",116,TRUE,4.26690793808859e-10,"glmm_drop_item",2.15052026423703,FALSE,NA,TRUE,4,"glmm_drop_item"
"S3",116,FALSE,0.991246162313717,"glmm_drop_item_chain",0.675616341185267,FALSE,"evidence for H-alt",TRUE,4,"glmm_drop_item_chain"
"S0",117,FALSE,0.452773612532444,"gee",1.01898379811617,FALSE,"inconclusive",TRUE,4,"gee"
"S1",117,TRUE,0.00449974463301572,"gee",1.4249606846524,FALSE,NA,TRUE,4,"gee"
"S2",117,TRUE,5.51993312947197e-06,"glmm_drop_item_chain",1.79819733748885,FALSE,NA,TRUE,4,"glmm_drop_item_chain"
"S3",117,FALSE,0.96931533163308,"gee",0.712200914460754,FALSE,"evidence for H-alt",TRUE,4,"gee"
"S0",118,FALSE,0.434150343468792,"glmm_drop_item_chain",1.02461627217437,FALSE,"inconclusive",TRUE,4,"glmm_drop_item_chain"
"S1",118,TRUE,9.10785891150567e-11,"glmm_drop_item_chain",2.57666592845481,FALSE,NA,TRUE,4,"glmm_drop_item_chain"
"S2",118,TRUE,5.96361848792526e-11,"glmm_drop_item_chain",2.49275363595615,FALSE,NA,TRUE,4,"glmm_drop_item_chain"
"S3",118,FALSE,0.865964955735697,"gee",0.849066687172276,FALSE,"inconclusive",TRUE,4,"gee"
"S0",119,FALSE,0.964500318055501,"gee",0.75384088557471,FALSE,"evidence for H-alt",TRUE,4,"gee"
"S1",119,TRUE,0.000109294986142872,"gee",1.62759770118181,FALSE,NA,TRUE,4,"gee"
"S2",119,TRUE,2.61024868386528e-10,"gee",2.22185532687744,FALSE,NA,TRUE,4,"gee"
"S3",119,FALSE,0.923380361356443,"glmm_drop_item_chain",0.792666348916035,FALSE,"inconclusive",TRUE,4,"glmm_drop_item_chain"
"S0",120,FALSE,0.783425969364786,"gee",0.89383125148261,FALSE,"inconclusive",TRUE,4,"gee"
"S1",120,TRUE,0.00010098657779456,"gee",1.64454676559826,FALSE,NA,TRUE,4,"gee"
"S2",120,TRUE,0.000153499637705168,"glmm_drop_item",1.63012148103517,FALSE,NA,TRUE,4,"glmm_drop_item"
"S3",120,FALSE,0.847436699368002,"glmm_drop_item",0.842387196853993,FALSE,"inconclusive",TRUE,4,"glmm_drop_item"
"S0",121,FALSE,0.211797642034001,"glmm_drop_item",1.13166963037986,FALSE,"inconclusive",TRUE,4,"glmm_drop_item"
"S1",121,TRUE,1.09837276892621e-05,"glmm_drop_item",1.79772099972259,FALSE,NA,TRUE,4,"glmm_drop_item"
"S2",121,TRUE,1.72762026906526e-10,"gee",2.49297856813627,FALSE,NA,TRUE,4,"gee"
"S3",121,FALSE,0.999957096614621,"gee",0.507888577483894,FALSE,"evidence for H-alt",TRUE,4,"gee"
"S0",122,FALSE,0.0350521123360298,"glmm_drop_item_chain",1.28934011761122,FALSE,"inconclusive",TRUE,4,"glmm_drop_item_chain"
"S1",122,TRUE,2.7785147437287e-06,"glmm_drop_item",1.96124594027329,FALSE,NA,TRUE,4,"glmm_drop_item"
"S2",122,TRUE,5.42049819474144e-08,"gee",2.00292863791311,FALSE,NA,TRUE,4,"gee"
"S3",122,FALSE,0.888726955806563,"gee",0.833407884531808,FALSE,"inconclusive",TRUE,4,"gee"
"S0",123,FALSE,0.476645110313352,"glmm_drop_item",1.00869787253353,FALSE,"inconclusive",TRUE,4,"glmm_drop_item"
"S1",123,TRUE,0.000128827010136723,"glmm_drop_item",1.64029801499463,FALSE,NA,TRUE,4,"glmm_drop_item"
"S2",123,TRUE,9.50350909079134e-14,"glmm_drop_item_chain",2.81430368148328,FALSE,NA,TRUE,4,"glmm_drop_item_chain"
"S3",123,FALSE,0.997772673789731,"gee",0.631662419822693,FALSE,"evidence for H-alt",TRUE,4,"gee"
"S0",124,FALSE,0.125987084749569,"gee",1.17002274005171,FALSE,"inconclusive",TRUE,4,"gee"
"S1",124,TRUE,0.00137154424708008,"glmm_drop_item_chain",1.52699888623892,FALSE,NA,TRUE,4,"glmm_drop_item_chain"
"S2",124,TRUE,9.26293577888648e-05,"glmm_drop_item_chain",1.67137234330295,FALSE,NA,TRUE,4,"glmm_drop_item_chain"
"S3",124,FALSE,0.997030229833362,"glmm_drop_item",0.645849435101212,FALSE,"evidence for H-alt",TRUE,4,"glmm_drop_item"
"S0",125,FALSE,0.633448125115359,"gee",0.949632205484883,FALSE,"inconclusive",TRUE,4,"gee"
"S1",125,TRUE,0.0156659921833123,"gee",1.32142892837893,FALSE,NA,TRUE,4,"gee"
"S2",125,TRUE,1.6977066197299e-08,"glmm_drop_item_chain",2.12781787670374,FALSE,NA,TRUE,4,"glmm_drop_item_chain"
"S3",125,FALSE,0.998885490840327,"glmm_drop_item_chain",0.590775909493294,FALSE,"evidence for H-alt",TRUE,4,"glmm_drop_item_chain"
"S0",126,FALSE,0.839566202755524,"glmm_drop_item",0.863175265107264,FALSE,"inconclusive",TRUE,4,"glmm_drop_item"
"S1",126,TRUE,0.0011762005105338,"glmm_drop_item_chain",1.54643115435471,FALSE,NA,TRUE,4,"glmm_drop_item_chain"
"S2",126,TRUE,6.42037867315537e-10,"gee",2.36837570410202,FALSE,NA,TRUE,3,"gee"
"S3",126,FALSE,0.890189535091488,"glmm_drop_item_chain",0.81536903300738,FALSE,"inconclusive",TRUE,4,"glmm_drop_item_chain"
"S0",127,FALSE,0.392708541861167,"gee",1.041876369313,FALSE,"inconclusive",TRUE,4,"gee"
"S1",127,FALSE,0.0247416180175711,"glmm_drop_item",1.30449482619451,FALSE,"inconclusive",TRUE,4,"glmm_drop_item"
"S2",127,TRUE,1.47964279717527e-07,"gee",2.06940331637333,FALSE,NA,TRUE,4,"gee"
"S3",127,FALSE,0.99944808312461,"glmm_drop_item",0.592795209046077,FALSE,"evidence for H-alt",TRUE,4,"glmm_drop_item"
"S0",128,FALSE,0.972983733767604,"gee",0.765131578005785,FALSE,"evidence for H-alt",TRUE,4,"gee"
"S1",128,FALSE,0.0446613893795739,"gee",1.25957813577287,FALSE,"inconclusive",TRUE,4,"gee"
"S2",128,TRUE,1.45092060588325e-09,"gee",2.19347458503648,FALSE,NA,TRUE,4,"gee"
"S3",128,FALSE,0.999451676011123,"gee",0.588439892635645,FALSE,"evidence for H-alt",TRUE,4,"gee"
"S0",129,FALSE,0.885420002169137,"gee",0.835597317049043,FALSE,"inconclusive",TRUE,4,"gee"
"S1",129,FALSE,0.100178527800255,"gee",1.17985319537199,FALSE,"inconclusive",TRUE,4,"gee"
"S2",129,TRUE,4.71978012228647e-12,"glmm_drop_item",2.45597046563038,FALSE,NA,TRUE,4,"glmm_drop_item"
"S3",129,FALSE,0.970269815304343,"glmm_drop_item",0.711678628091372,FALSE,"evidence for H-alt",TRUE,4,"glmm_drop_item"
"S0",130,FALSE,0.511415826297224,"glmm_drop_item_chain",0.995632195958544,FALSE,"inconclusive",TRUE,4,"glmm_drop_item_chain"
"S1",130,TRUE,0.000258855482060949,"gee",1.61005746915894,FALSE,NA,TRUE,4,"gee"
"S2",130,TRUE,4.8182778211725e-08,"glmm_drop_item_chain",2.02292485947445,FALSE,NA,TRUE,4,"glmm_drop_item_chain"
"S3",130,FALSE,0.94861381452948,"glmm_drop_item_chain",0.747291020747639,FALSE,"inconclusive",TRUE,4,"glmm_drop_item_chain"
"S0",131,FALSE,0.378102051646445,"glmm_drop_item_chain",1.04821138117296,FALSE,"inconclusive",TRUE,4,"glmm_drop_item_chain"
"S1",131,TRUE,1.03305169951717e-06,"gee",2.06532489896323,FALSE,NA,TRUE,4,"gee"
"S2",131,TRUE,3.22618498582727e-09,"gee",2.31323398555146,FALSE,NA,TRUE,4,"gee"
"S3",131,FALSE,0.986130776843696,"gee",0.696575553703843,FALSE,"evidence for H-alt",TRUE,4,"gee"
"S0",132,FALSE,0.928470076230025,"glmm_drop_item",0.793278459105886,FALSE,"inconclusive",TRUE,4,"glmm_drop_item"
"S1",132,TRUE,0.00219781692285903,"glmm_drop_item",1.50081172203143,FALSE,NA,TRUE,4,"glmm_drop_item"
"S2",132,TRUE,1.3140724397509e-08,"gee",2.07956350459943,FALSE,NA,TRUE,4,"gee"
"S3",132,FALSE,0.989196301714481,"gee",0.625010993098714,FALSE,"evidence for H-alt",TRUE,4,"gee"
"S0",133,FALSE,0.419803271487434,"glmm_drop_item",1.02996543287584,FALSE,"inconclusive",TRUE,4,"glmm_drop_item"
"S1",133,TRUE,0.000200905164011278,"gee",1.69102214938586,FALSE,NA,TRUE,4,"gee"
"S2",133,TRUE,1.97616367714204e-11,"gee",2.45371755812533,FALSE,NA,TRUE,4,"gee"
"S3",133,FALSE,0.991201372034072,"glmm_drop_item",0.695423116956583,FALSE,"evidence for H-alt",TRUE,4,"glmm_drop_item"
"S0",134,FALSE,0.722209923022301,"gee",0.915390978306336,FALSE,"inconclusive",TRUE,4,"gee"
"S1",134,TRUE,0.00511825134081623,"glmm_drop_item_chain",1.39296509879579,FALSE,NA,TRUE,4,"glmm_drop_item_chain"
"S2",134,TRUE,3.11635328653637e-09,"glmm_drop_item",2.2435204807041,FALSE,NA,TRUE,4,"glmm_drop_item"
"S3",134,FALSE,0.997653088850292,"glmm_drop_item_chain",0.640507291837838,FALSE,"evidence for H-alt",TRUE,4,"glmm_drop_item_chain"
"S0",135,FALSE,0.514163130719902,"gee",0.994629316624641,FALSE,"inconclusive",TRUE,4,"gee"
"S1",135,TRUE,0.00472831578448718,"gee",1.48540607341094,FALSE,NA,TRUE,4,"gee"
"S2",135,TRUE,4.37402336572745e-11,"gee",2.56636252148646,FALSE,NA,TRUE,4,"gee"
"S3",135,FALSE,0.915630618411526,"gee",0.780902104600468,FALSE,"inconclusive",TRUE,4,"gee"
"S0",136,FALSE,0.992912619622658,"gee",0.705458030610565,FALSE,"evidence for H-alt",TRUE,4,"gee"
"S1",136,TRUE,0.0019415589770625,"gee",1.45004838357079,FALSE,NA,TRUE,4,"gee"
"S2",136,TRUE,0.00048884145961936,"gee",1.58899971020531,FALSE,NA,TRUE,4,"gee"
"S3",136,FALSE,0.936245320795782,"gee",0.764194130359184,FALSE,"inconclusive",TRUE,4,"gee"
"S0",137,FALSE,0.496142391751876,"gee",1.00153805978517,FALSE,"inconclusive",TRUE,4,"gee"
"S1",137,TRUE,3.04573659377638e-05,"glmm_drop_item_chain",1.81610090089898,FALSE,NA,TRUE,4,"glmm_drop_item_chain"
"S2",137,TRUE,6.82416475661363e-06,"glmm_drop_item_chain",1.76228579802184,FALSE,NA,TRUE,4,"glmm_drop_item_chain"
"S3",137,FALSE,0.998466032881727,"gee",0.609301480784855,FALSE,"evidence for H-alt",TRUE,4,"gee"
"S0",138,FALSE,0.854575511502626,"glmm_drop_item",0.851213244166401,FALSE,"inconclusive",TRUE,4,"glmm_drop_item"
"S1",138,TRUE,0.00716891285142285,"glmm_drop_item",1.38824400774398,FALSE,NA,TRUE,4,"glmm_drop_item"
"S2",138,TRUE,5.69869834576853e-06,"glmm_drop_item",1.7855754988476,FALSE,NA,TRUE,4,"glmm_drop_item"
"S3",138,FALSE,0.979163026950816,"glmm_drop_item",0.693831398583815,FALSE,"evidence for H-alt",TRUE,4,"glmm_drop_item"
"S0",139,FALSE,0.730818960219148,"gee",0.916184068843678,FALSE,"inconclusive",TRUE,4,"gee"
"S1",139,TRUE,0.000709060322067301,"glmm_drop_item_chain",1.54380641225067,FALSE,NA,TRUE,4,"glmm_drop_item_chain"
"S2",139,TRUE,2.1227936620738e-06,"glmm_drop_item",1.93294561121088,FALSE,NA,TRUE,4,"glmm_drop_item"
"S3",139,FALSE,0.914296935349579,"gee",0.787330384174009,FALSE,"inconclusive",TRUE,4,"gee"
"S0",140,FALSE,0.165210702254295,"gee",1.17545510552994,FALSE,"inconclusive",TRUE,4,"gee"
"S1",140,TRUE,0.000645989851106088,"glmm_drop_item_chain",1.55845916286182,FALSE,NA,TRUE,4,"glmm_drop_item_chain"
"S2",140,TRUE,2.25600786031288e-05,"glmm_drop_item",1.67538209290532,FALSE,NA,TRUE,4,"glmm_drop_item"
"S3",140,FALSE,0.997273690713766,"glmm_drop_item_chain",0.606651662385635,FALSE,"evidence for H-alt",TRUE,4,"glmm_drop_item_chain"
"S0",141,FALSE,0.126885719003889,"gee",1.20146402947354,FALSE,"inconclusive",TRUE,4,"gee"
"S1",141,TRUE,4.52819016139028e-06,"glmm_drop_item_chain",1.90207681744669,FALSE,NA,TRUE,4,"glmm_drop_item_chain"
"S2",141,TRUE,2.56556337231428e-05,"glmm_drop_item_chain",1.67106831687046,FALSE,NA,TRUE,4,"glmm_drop_item_chain"
"S3",141,FALSE,0.999996259784098,"gee",0.497773881327258,FALSE,"evidence for H-alt",TRUE,4,"gee"
"S0",142,FALSE,0.942479295847353,"gee",0.782416530941569,FALSE,"inconclusive",TRUE,4,"gee"
"S1",142,TRUE,0.000893570006576638,"glmm_drop_item",1.50998628621585,FALSE,NA,TRUE,4,"glmm_drop_item"
"S2",142,TRUE,2.04394555725074e-08,"gee",2.43418649404195,FALSE,NA,TRUE,4,"gee"
"S3",142,FALSE,0.970375362541175,"glmm_drop_item_chain",0.716115083275929,FALSE,"evidence for H-alt",TRUE,4,"glmm_drop_item_chain"
"S0",143,FALSE,0.553468358721564,"gee",0.98084199933076,FALSE,"inconclusive",TRUE,4,"gee"
"S1",143,TRUE,0.0116997110594532,"gee",1.41609298870687,FALSE,NA,TRUE,4,"gee"
"S2",143,TRUE,5.18256769231895e-05,"glmm_drop_item_chain",1.67834360949918,FALSE,NA,TRUE,4,"glmm_drop_item_chain"
"S3",143,FALSE,0.999137646776108,"gee",0.589522503433946,FALSE,"evidence for H-alt",TRUE,4,"gee"
"S0",144,FALSE,0.679048797538249,"glmm_drop_item_chain",0.933345467159203,FALSE,"inconclusive",TRUE,4,"glmm_drop_item_chain"
"S1",144,TRUE,0.000233229787667599,"gee",1.54580800255076,FALSE,NA,TRUE,4,"gee"
"S2",144,TRUE,7.69814711976124e-08,"glmm_drop_item_chain",1.94636436266933,FALSE,NA,TRUE,4,"glmm_drop_item_chain"
"S3",144,FALSE,0.998742573365683,"glmm_full",0.582218947725275,FALSE,"evidence for H-alt",TRUE,4,"glmm_full"
"S0",145,FALSE,0.369424441671873,"glmm_drop_item_chain",1.05067865904779,FALSE,"inconclusive",TRUE,4,"glmm_drop_item_chain"
"S1",145,TRUE,5.52598853353903e-06,"glmm_drop_item_chain",1.8356724576794,FALSE,NA,TRUE,4,"glmm_drop_item_chain"
"S2",145,TRUE,5.10057440727962e-10,"glmm_drop_item_chain",2.29715543042803,FALSE,NA,TRUE,4,"glmm_drop_item_chain"
"S3",145,FALSE,0.917866202651935,"glmm_drop_item",0.784462814964415,FALSE,"inconclusive",TRUE,4,"glmm_drop_item"
"S0",146,FALSE,0.0206175903445311,"gee",1.36223745398596,FALSE,"inconclusive",TRUE,4,"gee"
"S1",146,TRUE,0.00986277356756782,"glmm_drop_item",1.36607988154625,FALSE,NA,TRUE,4,"glmm_drop_item"
"S2",146,TRUE,6.92151047587686e-09,"glmm_drop_item_chain",2.07666590566627,FALSE,NA,TRUE,4,"glmm_drop_item_chain"
"S3",146,FALSE,0.884434830817307,"gee",0.809964613775361,FALSE,"inconclusive",TRUE,4,"gee"
"S0",147,FALSE,0.409732491640652,"glmm_drop_item",1.03376769259294,FALSE,"inconclusive",TRUE,4,"glmm_drop_item"
"S1",147,TRUE,0.00103566715729264,"glmm_drop_item_chain",1.60282598439189,FALSE,NA,TRUE,4,"glmm_drop_item_chain"
"S2",147,TRUE,3.41367856204755e-09,"gee",2.46403977601384,FALSE,NA,TRUE,4,"gee"
"S3",147,FALSE,0.987024783161966,"glmm_drop_item",0.689433075157345,FALSE,"evidence for H-alt",TRUE,4,"glmm_drop_item"
"S0",148,FALSE,0.77441695947555,"gee",0.88844116896382,FALSE,"inconclusive",TRUE,4,"gee"
"S1",148,TRUE,0.000514720647445399,"gee",1.56388946688928,FALSE,NA,TRUE,4,"gee"
"S2",148,TRUE,7.95508103834663e-12,"glmm_drop_item_chain",2.4437356964151,FALSE,NA,TRUE,4,"glmm_drop_item_chain"
"S3",148,FALSE,0.998018879259487,"glmm_drop_item_chain",0.560616307818958,FALSE,"evidence for H-alt",TRUE,4,"glmm_drop_item_chain"
"S0",149,FALSE,0.111953884336149,"gee",1.19272774908904,FALSE,"inconclusive",TRUE,4,"gee"
"S1",149,FALSE,0.0295502689786564,"glmm_drop_item_chain",1.29369837306198,FALSE,"inconclusive",TRUE,4,"glmm_drop_item_chain"
"S2",149,TRUE,5.44992939666145e-11,"glmm_drop_item",2.3971160448134,FALSE,NA,TRUE,4,"glmm_drop_item"
"S3",149,FALSE,0.763640581353522,"gee",0.886977020498384,FALSE,"inconclusive",TRUE,4,"gee"
"S0",150,FALSE,0.687791707384271,"glmm_drop_item_chain",0.92880963980091,FALSE,"inconclusive",TRUE,4,"glmm_drop_item_chain"
"S1",150,TRUE,0.000822792364720715,"glmm_drop_item_chain",1.53892800275896,FALSE,NA,TRUE,4,"glmm_drop_item_chain"
"S2",150,TRUE,3.18441717328533e-07,"gee",1.90231030739064,FALSE,NA,TRUE,4,"gee"
"S3",150,FALSE,0.909123830016656,"gee",0.800998837101655,FALSE,"inconclusive",TRUE,4,"gee"
"S0",151,FALSE,0.979040065592974,"glmm_drop_item_chain",0.731541899275282,FALSE,"evidence for H-alt",TRUE,4,"glmm_drop_item_chain"
"S1",151,TRUE,0.00203459115455029,"glmm_drop_item_chain",1.48857675356318,FALSE,NA,TRUE,4,"glmm_drop_item_chain"
"S2",151,TRUE,2.83659804534153e-08,"glmm_drop_item",2.05611488438792,FALSE,NA,TRUE,4,"glmm_drop_item"
"S3",151,FALSE,0.997667586223512,"glmm_drop_item",0.601167968336016,FALSE,"evidence for H-alt",TRUE,4,"glmm_drop_item"
"S0",152,FALSE,0.530551919777881,"gee",0.989238540302743,FALSE,"inconclusive",TRUE,4,"gee"
"S1",152,FALSE,0.0262435978044016,"glmm_drop_item",1.31312732640749,FALSE,"inconclusive",TRUE,4,"glmm_drop_item"
"S2",152,TRUE,4.05999372676824e-07,"glmm_drop_item",1.95553827885086,FALSE,NA,TRUE,4,"glmm_drop_item"
"S3",152,FALSE,0.999999449061818,"gee",0.477542241823621,FALSE,"evidence for H-alt",TRUE,4,"gee"
"S0",153,FALSE,0.28071083839686,"gee",1.08283837235747,FALSE,"inconclusive",TRUE,4,"gee"
"S1",153,TRUE,4.6572666909217e-05,"glmm_drop_item",1.75278373434353,FALSE,NA,TRUE,4,"glmm_drop_item"
"S2",153,TRUE,4.09932525924361e-07,"gee",1.98862602756278,FALSE,NA,TRUE,4,"gee"
"S3",153,FALSE,0.743711101058964,"glmm_drop_item_chain",0.894013449933267,FALSE,"inconclusive",TRUE,4,"glmm_drop_item_chain"
"S0",154,FALSE,0.0908818623630523,"gee",1.21226178841727,FALSE,"inconclusive",TRUE,4,"gee"
"S1",154,TRUE,0.00449105187874821,"glmm_full",1.59561325689219,FALSE,NA,TRUE,4,"glmm_full"
"S2",154,TRUE,1.1007628031301e-07,"glmm_drop_item",2.03939506284202,FALSE,NA,TRUE,4,"glmm_drop_item"
"S3",154,FALSE,0.898514325822886,"glmm_drop_item",0.826500149778861,FALSE,"inconclusive",TRUE,4,"glmm_drop_item"
"S0",155,FALSE,0.710624819083133,"gee",0.927590529823047,FALSE,"inconclusive",TRUE,4,"gee"
"S1",155,TRUE,0.0067341464165579,"glmm_drop_item_chain",1.40491348154526,FALSE,NA,TRUE,4,"glmm_drop_item_chain"
"S2",155,TRUE,3.32021682858397e-06,"glmm_drop_item_chain",1.84342704006189,FALSE,NA,TRUE,4,"glmm_drop_item_chain"
"S3",155,FALSE,0.99941376971548,"glmm_drop_item_chain",0.578196344809458,FALSE,"evidence for H-alt",TRUE,4,"glmm_drop_item_chain"
"S0",156,FALSE,0.460770386791591,"gee",1.01601774956845,FALSE,"inconclusive",TRUE,4,"gee"
"S1",156,TRUE,9.85855820800907e-05,"gee",1.66215830672862,FALSE,NA,TRUE,4,"gee"
"S2",156,TRUE,1.14500964265574e-10,"gee",2.28106721340105,FALSE,NA,TRUE,4,"gee"
"S3",156,FALSE,0.998827716641987,"gee",0.599658041413417,FALSE,"evidence for H-alt",TRUE,4,"gee"
"S0",157,FALSE,0.695481092734965,"gee",0.934348686109147,FALSE,"inconclusive",TRUE,4,"gee"
"S1",157,TRUE,0.000749797354754111,"gee",1.57826269548104,FALSE,NA,TRUE,4,"gee"
"S2",157,TRUE,1.34931781226033e-06,"gee",2.00034165607532,FALSE,NA,TRUE,4,"gee"
"S3",157,FALSE,0.954541085302605,"gee",0.751023089438615,FALSE,"evidence for H-alt",TRUE,4,"gee"
"S0",158,TRUE,0.000866763595293696,"gee",1.62864696199281,FALSE,NA,TRUE,4,"gee"
"S1",158,TRUE,0.00110975003580227,"gee",1.50827976034308,FALSE,NA,TRUE,4,"gee"
"S2",158,TRUE,2.38721220569005e-09,"glmm_drop_item_chain",2.1373099605881,FALSE,NA,TRUE,4,"glmm_drop_item_chain"
"S3",158,FALSE,0.983536807352416,"gee",0.704765039849606,FALSE,"evidence for H-alt",TRUE,4,"gee"
"S0",159,FALSE,0.777358926579759,"glmm_drop_item_chain",0.890551721784051,FALSE,"inconclusive",TRUE,4,"glmm_drop_item_chain"
"S1",159,TRUE,0.00965974625156607,"glmm_drop_item_chain",1.38633035101949,FALSE,NA,TRUE,4,"glmm_drop_item_chain"
"S2",159,TRUE,2.13432584187379e-05,"gee",1.77296596739571,FALSE,NA,TRUE,4,"gee"
"S3",159,FALSE,0.983285388670871,"glmm_drop_item",0.69980766712835,FALSE,"evidence for H-alt",TRUE,4,"glmm_drop_item"
"S0",160,FALSE,0.412306652380992,"glmm_drop_item",1.0357838935191,FALSE,"inconclusive",TRUE,4,"glmm_drop_item"
"S1",160,TRUE,5.67968239106875e-07,"glmm_drop_item_chain",1.96008375738018,FALSE,NA,TRUE,4,"glmm_drop_item_chain"
"S2",160,TRUE,8.99492319073047e-06,"glmm_drop_item_chain",1.81981610366304,FALSE,NA,TRUE,4,"glmm_drop_item_chain"
"S3",160,FALSE,0.998731919587261,"glmm_drop_item_chain",0.608457881679012,FALSE,"evidence for H-alt",TRUE,4,"glmm_drop_item_chain"
"S0",161,FALSE,0.875655932531327,"gee",0.824393136440078,FALSE,"inconclusive",TRUE,4,"gee"
"S1",161,TRUE,6.46560501608162e-05,"gee",1.6309282904093,FALSE,NA,TRUE,4,"gee"
"S2",161,TRUE,3.69119068643897e-10,"gee",2.1533684128338,FALSE,NA,TRUE,4,"gee"
"S3",161,FALSE,0.993482870466194,"gee",0.678484036780961,FALSE,"evidence for H-alt",TRUE,4,"gee"
"S0",162,FALSE,0.632882155817017,"gee",0.950848043045033,FALSE,"inconclusive",TRUE,4,"gee"
"S1",162,TRUE,0.000369290425984992,"glmm_drop_item",1.61190383242115,FALSE,NA,TRUE,4,"glmm_drop_item"
"S2",162,TRUE,5.57653836674721e-06,"glmm_drop_item",1.77016045866077,FALSE,NA,TRUE,4,"glmm_drop_item"
"S3",162,FALSE,0.999964005026839,"glmm_drop_item_chain",0.503884389256801,FALSE,"evidence for H-alt",TRUE,4,"glmm_drop_item_chain"
"S0",163,FALSE,0.450498174607182,"glmm_drop_item",1.02088087064853,FALSE,"inconclusive",TRUE,4,"glmm_drop_item"
"S1",163,TRUE,0.00396496170326832,"glmm_drop_item_chain",1.45893494437176,FALSE,NA,TRUE,4,"glmm_drop_item_chain"
"S2",163,TRUE,6.76189152004625e-07,"gee",1.90969477630271,FALSE,NA,TRUE,4,"gee"
"S3",163,FALSE,0.985951503434936,"gee",0.6907271329893,FALSE,"evidence for H-alt",TRUE,4,"gee"
"S0",164,FALSE,0.980510250783189,"glmm_drop_item_chain",0.735768149443221,FALSE,"evidence for H-alt",TRUE,4,"glmm_drop_item_chain"
"S1",164,TRUE,0.00433085585538628,"gee",1.48154536191438,FALSE,NA,TRUE,4,"gee"
"S2",164,TRUE,6.74106814700925e-05,"glmm_drop_item_chain",1.66515246619793,FALSE,NA,TRUE,4,"glmm_drop_item_chain"
"S3",164,FALSE,0.999962965363945,"glmm_drop_item_chain",0.450045185522504,FALSE,"evidence for H-alt",TRUE,4,"glmm_drop_item_chain"
"S0",165,FALSE,0.883481149917646,"glmm_drop_item",0.835326087343776,FALSE,"inconclusive",TRUE,4,"glmm_drop_item"
"S1",165,TRUE,0.00865088565421179,"gee",1.37243700638228,FALSE,NA,TRUE,4,"gee"
"S2",165,TRUE,2.54449502520293e-05,"gee",1.59931167457117,FALSE,NA,TRUE,4,"gee"
"S3",165,FALSE,0.968270162152856,"glmm_drop_item_chain",0.734533350873906,FALSE,"evidence for H-alt",TRUE,4,"glmm_drop_item_chain"
"S0",166,FALSE,0.995993920307917,"gee",0.690929527831136,FALSE,"evidence for H-alt",TRUE,4,"gee"
"S1",166,FALSE,0.0776399366173116,"gee",1.23857236452782,FALSE,"inconclusive",TRUE,4,"gee"
"S2",166,TRUE,1.93472169962572e-06,"glmm_drop_item_chain",1.83001537643421,FALSE,NA,TRUE,4,"glmm_drop_item_chain"
"S3",166,FALSE,0.982428822401633,"gee",0.72723371097257,FALSE,"evidence for H-alt",TRUE,4,"gee"
"S0",167,FALSE,0.170681363568677,"gee",1.15579613973646,FALSE,"inconclusive",TRUE,4,"gee"
"S1",167,TRUE,0.00348117664367964,"gee",1.50732045385749,FALSE,NA,TRUE,4,"gee"
"S2",167,TRUE,5.75163266214318e-06,"glmm_drop_item_chain",1.79341686841469,FALSE,NA,TRUE,4,"glmm_drop_item_chain"
"S3",167,FALSE,0.74980070053443,"glmm_drop_item_chain",0.900576891138764,FALSE,"inconclusive",TRUE,4,"glmm_drop_item_chain"
"S0",168,FALSE,0.986585213914949,"gee",0.687758369976546,FALSE,"evidence for H-alt",TRUE,4,"gee"
"S1",168,FALSE,0.222858816010053,"glmm_full",1.12946203311948,FALSE,"inconclusive",TRUE,4,"glmm_full"
"S2",168,TRUE,1.65811808727767e-12,"gee",2.63495900473701,FALSE,NA,TRUE,4,"gee"
"S3",168,FALSE,0.964453502883347,"glmm_full",0.732582240775487,FALSE,"evidence for H-alt",TRUE,4,"glmm_full"
"S0",169,FALSE,0.211291118559735,"glmm_drop_item",1.13323087143892,FALSE,"inconclusive",TRUE,4,"glmm_drop_item"
"S1",169,FALSE,0.0219772440856104,"glmm_drop_item",1.35230196093115,FALSE,"inconclusive",TRUE,4,"glmm_drop_item"
"S2",169,TRUE,9.10140246168645e-07,"glmm_drop_item",1.85317107862674,FALSE,NA,TRUE,4,"glmm_drop_item"
"S3",169,FALSE,0.94851157989943,"gee",0.731351361675041,FALSE,"inconclusive",TRUE,4,"gee"
"S0",170,FALSE,0.139928206167605,"gee",1.16370096224602,FALSE,"inconclusive",TRUE,4,"gee"
"S1",170,TRUE,0.00192957683512818,"glmm_drop_item",1.44440498220165,FALSE,NA,TRUE,4,"glmm_drop_item"
"S2",170,TRUE,1.67292928399121e-08,"gee",2.16763035444603,FALSE,NA,TRUE,4,"gee"
"S3",170,FALSE,0.852840634432104,"gee",0.844667833276934,FALSE,"inconclusive",TRUE,4,"gee"
"S0",171,FALSE,0.836597052550478,"gee",0.868768271554309,FALSE,"inconclusive",TRUE,4,"gee"
"S1",171,TRUE,6.33281297846011e-07,"gee",1.90411569220157,FALSE,NA,TRUE,4,"gee"
"S2",171,TRUE,1.99185500315835e-07,"glmm_full",2.34564871086535,FALSE,NA,TRUE,4,"glmm_full"
"S3",171,FALSE,0.999591147851452,"gee",0.545375128447985,FALSE,"evidence for H-alt",TRUE,4,"gee"
"S0",172,FALSE,0.823244554510997,"glmm_drop_item",0.871219556399607,FALSE,"inconclusive",TRUE,4,"glmm_drop_item"
"S1",172,TRUE,0.000576912001849061,"glmm_drop_item_chain",1.56895711600514,FALSE,NA,TRUE,4,"glmm_drop_item_chain"
"S2",172,TRUE,1.00324146101727e-07,"glmm_drop_item_chain",1.9398116020895,FALSE,NA,TRUE,4,"glmm_drop_item_chain"
"S3",172,FALSE,0.930070045732565,"glmm_drop_item",0.792970766171161,FALSE,"inconclusive",TRUE,4,"glmm_drop_item"
"S0",173,FALSE,0.538297236971719,"gee",0.986649754978007,FALSE,"inconclusive",TRUE,4,"gee"
"S1",173,TRUE,0.000178921839289026,"gee",1.61773227989872,FALSE,NA,TRUE,4,"gee"
"S2",173,TRUE,1.15726539462457e-10,"glmm_drop_item",2.32159005075585,FALSE,NA,TRUE,4,"glmm_drop_item"
"S3",173,FALSE,0.999993520276732,"gee",0.451683528307504,FALSE,"evidence for H-alt",TRUE,4,"gee"
"S0",174,FALSE,0.0267922482302947,"gee",1.30720970991525,FALSE,"inconclusive",TRUE,4,"gee"
"S1",174,TRUE,0.0135982661371781,"gee",1.37431289651064,FALSE,NA,TRUE,4,"gee"
"S2",174,TRUE,3.49608120231437e-11,"glmm_drop_item_chain",2.41496132837768,FALSE,NA,TRUE,4,"glmm_drop_item_chain"
"S3",174,FALSE,0.990633837008045,"gee",0.667479949946183,FALSE,"evidence for H-alt",TRUE,4,"gee"
"S0",175,FALSE,0.605240453100264,"gee",0.960690984028234,FALSE,"inconclusive",TRUE,4,"gee"
"S1",175,FALSE,0.169058912921665,"gee",1.14763606897513,FALSE,"inconclusive",TRUE,4,"gee"
"S2",175,TRUE,1.89548182705224e-08,"gee",1.91517408234572,FALSE,NA,TRUE,4,"gee"
"S3",175,FALSE,0.988352502818247,"gee",0.66124616299546,FALSE,"evidence for H-alt",TRUE,4,"gee"
"S0",176,FALSE,0.761335553345934,"glmm_drop_item",0.894223336945003,FALSE,"inconclusive",TRUE,4,"glmm_drop_item"
"S1",176,TRUE,4.02654562609017e-05,"gee",1.71717814085905,FALSE,NA,TRUE,4,"gee"
"S2",176,TRUE,1.07813681493596e-06,"gee",1.85442136271824,FALSE,NA,TRUE,4,"gee"
"S3",176,FALSE,0.980182142653076,"glmm_drop_item_chain",0.686961637867808,FALSE,"evidence for H-alt",TRUE,4,"glmm_drop_item_chain"
"S0",177,FALSE,0.499861392562736,"gee",1.00005221794153,FALSE,"inconclusive",TRUE,4,"gee"
"S1",177,TRUE,0.0137659495311915,"glmm_drop_item_chain",1.37838714370703,FALSE,NA,TRUE,4,"glmm_drop_item_chain"
"S2",177,TRUE,1.65873543606088e-05,"gee",1.65313720752707,FALSE,NA,TRUE,4,"gee"
"S3",177,FALSE,0.921384326575721,"glmm_drop_item_chain",0.79145026439124,FALSE,"inconclusive",TRUE,4,"glmm_drop_item_chain"
"S0",178,FALSE,0.48175586076858,"gee",1.00766021657881,FALSE,"inconclusive",TRUE,4,"gee"
"S1",178,TRUE,1.20485585153318e-06,"gee",2.13726243426228,FALSE,NA,TRUE,4,"gee"
"S2",178,TRUE,3.1201958794469e-09,"glmm_drop_item",2.18639632069093,FALSE,NA,TRUE,4,"glmm_drop_item"
"S3",178,FALSE,0.999734246152661,"gee",0.534405212062031,FALSE,"evidence for H-alt",TRUE,4,"gee"
"S0",179,FALSE,0.419392059711024,"glmm_drop_item",1.03142619209532,FALSE,"inconclusive",TRUE,4,"glmm_drop_item"
"S1",179,TRUE,2.15408876735879e-06,"gee",1.9322844275349,FALSE,NA,TRUE,4,"gee"
"S2",179,TRUE,4.53553861134992e-11,"gee",2.08350214998393,FALSE,NA,TRUE,4,"gee"
"S3",179,FALSE,0.999780360883301,"gee",0.571483963355318,FALSE,"evidence for H-alt",TRUE,4,"gee"
"S0",180,FALSE,0.734946905890348,"gee",0.898725924303768,FALSE,"inconclusive",TRUE,4,"gee"
"S1",180,TRUE,0.0133740436280905,"glmm_drop_item_chain",1.36837918982203,FALSE,NA,TRUE,4,"glmm_drop_item_chain"
"S2",180,TRUE,1.05119402071807e-09,"glmm_drop_item_chain",2.34191980559772,FALSE,NA,TRUE,4,"glmm_drop_item_chain"
"S3",180,FALSE,0.925331751948089,"glmm_drop_item_chain",0.789650386953362,FALSE,"inconclusive",TRUE,4,"glmm_drop_item_chain"
"S0",181,FALSE,0.78785961570909,"gee",0.88181339221069,FALSE,"inconclusive",TRUE,4,"gee"
"S1",181,TRUE,0.0117043898122841,"glmm_full",1.44513166688959,FALSE,NA,TRUE,4,"glmm_full"
"S2",181,TRUE,0.000120753103719284,"glmm_drop_item",1.61944379596277,FALSE,NA,TRUE,4,"glmm_drop_item"
"S3",181,FALSE,0.994082599645824,"glmm_drop_item_chain",0.661299968614255,FALSE,"evidence for H-alt",TRUE,4,"glmm_drop_item_chain"
"S0",182,FALSE,0.52017205724855,"gee",0.992603482879037,FALSE,"inconclusive",TRUE,4,"gee"
"S1",182,TRUE,0.00323328754786989,"glmm_drop_item_chain",1.52749119773035,FALSE,NA,TRUE,4,"glmm_drop_item_chain"
"S2",182,TRUE,0.000129439350452842,"glmm_drop_item",1.60110003918296,FALSE,NA,TRUE,4,"glmm_drop_item"
"S3",182,FALSE,0.970592147722764,"gee",0.742909293271542,FALSE,"evidence for H-alt",TRUE,4,"gee"
"S0",183,FALSE,0.572068933818426,"gee",0.97032319473754,FALSE,"inconclusive",TRUE,4,"gee"
"S1",183,TRUE,0.00537747287761126,"glmm_drop_item",1.44310220918969,FALSE,NA,TRUE,4,"glmm_drop_item"
"S2",183,TRUE,5.50782857100529e-08,"glmm_drop_item_chain",1.98404693467074,FALSE,NA,TRUE,4,"glmm_drop_item_chain"
"S3",183,FALSE,0.986469531963643,"glmm_drop_item",0.705453697783601,FALSE,"evidence for H-alt",TRUE,4,"glmm_drop_item"
"S0",184,FALSE,0.957100027372558,"glmm_drop_item",0.7673872744984,FALSE,"evidence for H-alt",TRUE,4,"glmm_drop_item"
"S1",184,TRUE,0.0082453376715973,"gee",1.35367171020862,FALSE,NA,TRUE,4,"gee"
"S2",184,TRUE,2.38618097725407e-07,"gee",2.04412139749625,FALSE,NA,TRUE,4,"gee"
"S3",184,FALSE,0.987519388692423,"gee",0.65987420563207,FALSE,"evidence for H-alt",TRUE,4,"gee"
"S0",185,FALSE,0.0680564079674113,"glmm_drop_item",1.25443850329855,FALSE,"inconclusive",TRUE,4,"glmm_drop_item"
"S1",185,TRUE,0.00114217985304654,"glmm_drop_item_chain",1.52374201680518,FALSE,NA,TRUE,4,"glmm_drop_item_chain"
"S2",185,TRUE,6.84867607070316e-10,"glmm_drop_item_chain",2.39941421953582,FALSE,NA,TRUE,4,"glmm_drop_item_chain"
"S3",185,FALSE,0.999998539638952,"gee",0.472659365034532,FALSE,"evidence for H-alt",TRUE,4,"gee"
"S0",186,FALSE,0.985343980084228,"gee",0.72348658619716,FALSE,"evidence for H-alt",TRUE,4,"gee"
"S1",186,TRUE,0.000485242828441312,"glmm_drop_item",1.56243514749232,FALSE,NA,TRUE,4,"glmm_drop_item"
"S2",186,TRUE,1.28091903750516e-09,"glmm_drop_item",2.19852017942664,FALSE,NA,TRUE,4,"glmm_drop_item"
"S3",186,FALSE,0.981301771082243,"gee",0.740055525983758,FALSE,"evidence for H-alt",TRUE,4,"gee"
"S0",187,FALSE,0.42148128957849,"glmm_drop_item",1.03311304379357,FALSE,"inconclusive",TRUE,4,"glmm_drop_item"
"S1",187,TRUE,0.00586670005830148,"glmm_drop_item_chain",1.40969274774978,FALSE,NA,TRUE,4,"glmm_drop_item_chain"
"S2",187,TRUE,6.4295588604657e-05,"gee",1.68400421842116,FALSE,NA,TRUE,4,"gee"
"S3",187,FALSE,0.705429012084947,"glmm_drop_item",0.918088072284378,FALSE,"inconclusive",TRUE,4,"glmm_drop_item"
"S0",188,FALSE,0.652691385250196,"glmm_drop_item_chain",0.941700935266024,FALSE,"inconclusive",TRUE,4,"glmm_drop_item_chain"
"S1",188,TRUE,0.000257998812248972,"glmm_drop_item",1.60444263265697,FALSE,NA,TRUE,4,"glmm_drop_item"
"S2",188,TRUE,3.77899848624796e-06,"gee",1.80597592894089,FALSE,NA,TRUE,4,"gee"
"S3",188,FALSE,0.999925563535191,"glmm_drop_item_chain",0.526424823302486,FALSE,"evidence for H-alt",TRUE,4,"glmm_drop_item_chain"
"S0",189,FALSE,0.598573142893175,"gee",0.963002657820027,FALSE,"inconclusive",TRUE,4,"gee"
"S1",189,FALSE,0.0462524731234876,"gee",1.27883486761174,FALSE,"inconclusive",TRUE,4,"gee"
"S2",189,TRUE,9.29992793885503e-09,"glmm_drop_item",2.24877499783785,FALSE,NA,TRUE,4,"glmm_drop_item"
"S3",189,FALSE,0.998646543690408,"gee",0.605519879150031,FALSE,"evidence for H-alt",TRUE,4,"gee"
"S0",190,FALSE,0.837454141074957,"glmm_drop_item",0.85465586213805,FALSE,"inconclusive",TRUE,4,"glmm_drop_item"
"S1",190,TRUE,2.04136521964049e-06,"glmm_drop_item_chain",1.87960442960937,FALSE,NA,TRUE,4,"glmm_drop_item_chain"
"S2",190,TRUE,2.03812966503847e-10,"gee",2.28802243535906,FALSE,NA,TRUE,4,"gee"
"S3",190,FALSE,0.996878021217106,"gee",0.685246916470977,FALSE,"evidence for H-alt",TRUE,4,"gee"
"S0",191,FALSE,0.0666206723247034,"glmm_drop_item",1.24702423899199,FALSE,"inconclusive",TRUE,4,"glmm_drop_item"
"S1",191,TRUE,0.000217287700652546,"gee",1.5645063657512,FALSE,NA,TRUE,4,"gee"
"S2",191,TRUE,1.02443366234439e-07,"gee",1.96351147201607,FALSE,NA,TRUE,4,"gee"
"S3",191,FALSE,0.985379904197811,"gee",0.701235054527848,FALSE,"evidence for H-alt",TRUE,4,"gee"
"S0",192,FALSE,0.739666951174018,"glmm_drop_item_chain",0.908115976918142,FALSE,"inconclusive",TRUE,4,"glmm_drop_item_chain"
"S1",192,TRUE,0.000288142667470348,"glmm_drop_item_chain",1.59327706638188,FALSE,NA,TRUE,4,"glmm_drop_item_chain"
"S2",192,TRUE,2.59579920891539e-07,"glmm_drop_item_chain",1.86763362130604,FALSE,NA,TRUE,4,"glmm_drop_item_chain"
"S3",192,FALSE,0.967447326452493,"glmm_drop_item",0.74349359800118,FALSE,"evidence for H-alt",TRUE,4,"glmm_drop_item"
"S0",193,FALSE,0.42764102407613,"gee",1.02943080789817,FALSE,"inconclusive",TRUE,4,"gee"
"S1",193,TRUE,5.44129478119437e-06,"glmm_drop_item_chain",1.81979536590422,FALSE,NA,TRUE,4,"glmm_drop_item_chain"
"S2",193,TRUE,8.1190126843822e-09,"gee",1.98935241284122,FALSE,NA,TRUE,4,"gee"
"S3",193,FALSE,0.999995661409021,"gee",0.448421329391377,FALSE,"evidence for H-alt",TRUE,4,"gee"
"S0",194,FALSE,0.244182604349898,"gee",1.11504549670241,FALSE,"inconclusive",TRUE,4,"gee"
"S1",194,FALSE,0.0339395825907947,"glmm_drop_item_chain",1.28287129085402,FALSE,"inconclusive",TRUE,4,"glmm_drop_item_chain"
"S2",194,TRUE,5.17839240377072e-08,"gee",1.90669505071808,FALSE,NA,TRUE,4,"gee"
"S3",194,FALSE,0.975144021736217,"glmm_drop_item",0.723838634595937,FALSE,"evidence for H-alt",TRUE,4,"glmm_drop_item"
"S0",195,FALSE,0.788081535006049,"gee",0.897209679082289,FALSE,"inconclusive",TRUE,4,"gee"
"S1",195,TRUE,0.00405902471130204,"glmm_drop_item_chain",1.441027228406,FALSE,NA,TRUE,4,"glmm_drop_item_chain"
"S2",195,TRUE,3.61982666063909e-11,"glmm_drop_item_chain",2.51755458706065,FALSE,NA,TRUE,4,"glmm_drop_item_chain"
"S3",195,FALSE,0.997472536909413,"glmm_drop_item",0.626483536665592,FALSE,"evidence for H-alt",TRUE,4,"glmm_drop_item"
"S0",196,FALSE,0.0426934279787702,"glmm_drop_item_chain",1.28567077196321,FALSE,"inconclusive",TRUE,4,"glmm_drop_item_chain"
"S1",196,TRUE,0.0132807135410353,"glmm_drop_item_chain",1.36888190438117,FALSE,NA,TRUE,4,"glmm_drop_item_chain"
"S2",196,TRUE,8.73277816726414e-09,"glmm_drop_item",2.09026023852988,FALSE,NA,TRUE,4,"glmm_drop_item"
"S3",196,FALSE,0.999894871202425,"glmm_drop_item",0.536747180962426,FALSE,"evidence for H-alt",TRUE,4,"glmm_drop_item"
"S0",197,FALSE,0.313510720724756,"glmm_drop_item",1.07309561885492,FALSE,"inconclusive",TRUE,4,"glmm_drop_item"
"S1",197,TRUE,0.00225876258891444,"glmm_drop_item",1.4688001752465,FALSE,NA,TRUE,4,"glmm_drop_item"
"S2",197,TRUE,1.21484742376943e-07,"glmm_drop_item",1.93243183797387,FALSE,NA,TRUE,4,"glmm_drop_item"
"S3",197,FALSE,0.998084672755907,"glmm_drop_item_chain",0.608985096892076,FALSE,"evidence for H-alt",TRUE,4,"glmm_drop_item_chain"
"S0",198,FALSE,0.324426301420684,"gee",1.07511744455474,FALSE,"inconclusive",TRUE,4,"gee"
"S1",198,FALSE,0.0195184949432379,"glmm_drop_item_chain",1.33485829115472,FALSE,"inconclusive",TRUE,4,"glmm_drop_item_chain"
"S2",198,TRUE,4.84479123485926e-12,"glmm_drop_item_chain",2.43979933193747,FALSE,NA,TRUE,4,"glmm_drop_item_chain"
"S3",198,FALSE,0.999970923337265,"gee",0.483244263827637,FALSE,"evidence for H-alt",TRUE,4,"gee"
"S0",199,FALSE,0.131413024874665,"gee",1.20549552610667,FALSE,"inconclusive",TRUE,4,"gee"
"S1",199,TRUE,6.00849827773198e-05,"gee",1.7368809448781,FALSE,NA,TRUE,4,"gee"
"S2",199,TRUE,8.89323239383621e-07,"glmm_full",2.06394783099464,FALSE,NA,TRUE,4,"glmm_full"
"S3",199,FALSE,0.994115774905966,"gee",0.669869789506014,FALSE,"evidence for H-alt",TRUE,4,"gee"
"S0",200,FALSE,0.626968094475713,"gee",0.951391919412607,FALSE,"inconclusive",TRUE,4,"gee"
"S1",200,TRUE,0.000134578941708319,"glmm_drop_item_chain",1.70396094161598,FALSE,NA,TRUE,4,"glmm_drop_item_chain"
"S2",200,TRUE,6.3920954307406e-08,"glmm_drop_item",1.96213994141764,FALSE,NA,TRUE,4,"glmm_drop_item"
"S3",200,FALSE,0.999869285506579,"glmm_drop_item",0.556143289831912,FALSE,"evidence for H-alt",TRUE,4,"glmm_drop_item"
